Metrics/EpRet,Metrics/EpCost,Metrics/EpLen,Metrics/EpSuccess,Train/Epoch,Train/TotalSteps,Train/StopIter,Train/KL,Train/LR,Loss/Loss_reward_critic,Loss/Loss_cost_critic,Loss/Loss_actor,Loss/Loss_ewc,Time/Rollout,Time/Update,Time/Total,Value/RewardAdv,Value/CostAdv
473.8025481758221,0.0,500.0,0.0,1,20000,36,0.006050675176084042,0.00029959999999999996,12.776153842348938,0.0016226938408829637,-0.005650386180286321,0.0,50.99067521095276,52.500218868255615,103.49089550971985,1.2531280901839636e-07,1.1920929521291868e-10
453.79076361378554,830.0200000000001,500.0,0.0,2,40000,36,0.007263973355293274,0.00029919999999999995,5.36171894958246,56267.225498437416,-0.00583361706869276,0.0,54.05499076843262,52.06387233734131,106.11886405944824,1.5063285729866038e-07,3.2226562325377017e-06
453.2636837415945,1062.23,500.0,0.0,3,60000,36,0.0075578149408102036,0.00029879999999999994,3.0438102083978267,50642.927713204794,-0.0065159229061642005,0.0,56.16304063796997,48.33446383476257,104.49750542640686,-4.1294097030686316e-08,-1.0009765674112714e-06
457.5298187001484,489.775,500.0,0.0,4,80000,36,0.009482979774475098,0.00029839999999999993,2.4028344757466145,20634.146252472943,-0.007207719058085064,0.0,59.59288024902344,54.61295557022095,114.20583701133728,2.2501944840769283e-07,-7.81249980263965e-07
455.86790199230154,1362.6,500.0,0.0,5,100000,36,0.009028896689414978,0.0002979999999999999,5.827381068990719,55088.61642896262,-0.005853280260728574,0.0,55.5853476524353,50.81171369552612,106.39706230163574,6.518364159546763e-08,-2.148437488358468e-06
473.97523713957116,541.9875,500.0,0.0,6,120000,36,0.009330805391073227,0.0002975999999999999,4.143194621543238,16736.131502228847,-0.008330559710366833,0.0,56.63241696357727,56.247846364974976,112.88026475906372,2.241134611224993e-09,1.2084960872016381e-06
461.7767485551675,719.36625,500.0,0.0,7,140000,36,0.008732117712497711,0.0002971999999999999,4.523822869757706,46821.79449515568,-0.0076949864689035575,0.0,58.72559118270874,55.401471853256226,114.12706422805786,-7.534026735811494e-09,-2.4414061883248905e-08
470.9525399686818,944.9712499999999,500.0,0.0,8,160000,36,0.009866063483059406,0.0002967999999999999,3.634345556970687,63612.31361662296,-0.007181226711416565,0.0,60.734647035598755,55.902426958084106,116.63707661628723,-2.5367736355974557e-08,3.7567137951555196e-06
457.63843353631256,947.1100000000002,500.0,0.0,9,180000,36,0.007809194270521402,0.0002963999999999999,4.606369945018648,22759.09019565159,-0.007260944207977004,0.0,58.103139877319336,55.216190576553345,113.31933188438416,-2.7656554824062596e-09,-4.39453117451194e-07
481.96173971552105,1454.79375,500.0,0.0,10,200000,36,0.009215863421559334,0.0002959999999999999,3.400446408599837,35814.92574001078,-0.008762988807298944,0.0,54.65526056289673,56.06586980819702,110.72113108634949,4.768371461572052e-11,-1.757812469804776e-06
482.18542760356587,416.88500000000005,500.0,0.0,11,220000,36,0.011098654009401798,0.00029559999999999987,4.880826288582291,82.00647560840048,-0.009370054531223242,0.0,57.39199447631836,56.37690711021423,113.76890254020691,-4.167556610923384e-08,6.332397362029951e-08
500.8550542450386,285.34375,500.0,0.0125,12,240000,36,0.009538523852825165,0.00029519999999999986,9.401411408317145,14098.54154386527,-0.007354791479625428,0.0,56.049657583236694,55.589252948760986,111.63891124725342,7.891655329217429e-09,1.2512207376857987e-06
493.0488975178879,589.01625,500.0,0.0125,13,260000,36,0.00998709723353386,0.00029479999999999985,11.020217015730983,23743.40539251848,-0.009928778806014216,0.0,60.15320134162903,57.080344676971436,117.23354744911194,3.786087177104491e-08,-8.666992243888672e-07
498.47258196489673,745.4200000000001,500.0,0.0,14,280000,36,0.010142816230654716,0.00029439999999999984,6.947662210692994,17124.55377857762,-0.007795546968217264,0.0,56.17666673660278,53.26696753501892,109.44363570213318,1.9645691295977485e-08,-5.615234499600774e-07
513.9612603942107,231.87625000000003,500.0,0.0,15,300000,36,0.008906248025596142,0.00029399999999999983,10.222597536462649,10502.70450828242,-0.007885092647139456,0.0,53.59704399108887,49.48739671707153,103.08444166183472,3.7193297330873065e-09,-9.765624753299562e-08
533.55277086799,578.28,500.0,0.0,16,320000,36,0.008156306110322475,0.0002935999999999998,8.162537517078302,16049.191939525585,-0.007667511702782316,0.0,52.836960554122925,51.743436098098755,104.580397605896,7.534026735811494e-09,-1.2207030941624453e-08
529.7738802041331,6.59375,500.0,0.0,17,340000,36,0.009352592751383781,0.0002931999999999998,6.720185608147813,217.4079314104242,-0.007967628101792806,0.0,53.87565588951111,53.35026931762695,107.22592616081238,-5.340575981449547e-09,-5.6457519548303026e-08
544.695170636271,554.69125,500.0,0.0,18,360000,36,0.010079003870487213,0.0002927999999999998,9.971950433992264,20595.679293080346,-0.007824776142838179,0.0,56.383814334869385,52.39996409416199,108.78377962112427,2.479553229406406e-09,6.5307619934174e-07
574.4520163144182,201.7975,500.0,0.0,19,380000,36,0.009238749742507935,0.0002923999999999998,16.329776780589235,5583.573100124219,-0.006775067334842263,0.0,54.55419182777405,51.64349865913391,106.19769263267517,-2.7847290695603988e-08,-1.9531249506599124e-07
603.2688915794924,310.57125,500.0,0.0,20,400000,36,0.011268681846559048,0.0002919999999999998,18.350926096912474,20451.00933933292,-0.007118560331630599,0.0,53.15422463417053,49.599018812179565,102.753244638443,-3.44038006971914e-08,-2.9296876391526894e-07
611.279638116789,2729.4275000000002,500.0,0.0,21,420000,36,0.01182276289910078,0.00029159999999999977,26.381207283947287,119102.01339888513,-0.00921532752366841,0.0,55.91516852378845,46.96169829368591,102.87686800956726,1.602172794434864e-08,4.809570327779511e-06
592.8430395127125,4074.1449999999995,500.0,0.0,22,440000,36,0.012504028156399727,0.00029119999999999976,17.90491231519532,136432.8735458921,-0.01043664856534815,0.0,54.949421882629395,50.69107103347778,105.64049363136292,2.0503998499066256e-08,-2.90527350443881e-06
617.7266921955695,4048.8712499999992,500.0,0.0,23,460000,36,0.013259608298540115,0.00029079999999999975,20.48128106203069,309232.3101074901,-0.01059620653755697,0.0,57.93416690826416,58.29689574241638,116.23106360435486,-8.106231796922714e-10,1.9531250927684596e-06
623.3604632560724,5800.8275,500.0,0.025,24,480000,36,0.011601656675338745,0.00029039999999999974,26.113187120999264,152793.3112659285,-0.008558786184783037,0.0,54.84019088745117,50.470646142959595,105.31083798408508,2.241134611224993e-09,1.1425780940044206e-05
670.2360183396353,5244.19125,500.0,0.0,25,500000,36,0.010965710505843163,0.00028999999999999973,19.97660337956103,233418.2095861628,-0.010503449104680856,0.0,55.03131914138794,53.442333698272705,108.47365546226501,1.907348723406699e-09,-4.101562353753252e-06
719.9032171648926,9703.50125,500.0,0.04125,26,520000,36,0.012343636713922024,0.0002895999999999997,31.2075349466573,375308.4353361011,-0.010974376146421418,0.0,55.447571992874146,52.554034948349,108.00160813331604,2.326965287124949e-08,-1.8701171939028427e-05
719.3696409934665,9362.851250000002,500.0,0.00875,27,540000,36,0.010581296868622303,0.0002891999999999997,26.00580054709875,243879.90608619957,-0.009908922739928825,0.0,54.582191944122314,53.257099866867065,107.83929371833801,3.0994415922691587e-09,1.0009765674112714e-06
697.7231824255886,10388.03125,500.0,0.0,28,560000,36,0.012357349507510662,0.0002887999999999997,26.702861711451632,382290.6613990532,-0.009573580742306825,0.0,55.47298622131348,52.129921436309814,107.60291028022766,-2.00271599304358e-09,-1.4746094166184776e-05
794.8272716612806,8232.2325,500.0,0.0,29,580000,36,0.010605797171592712,0.0002883999999999997,25.14441723903105,286672.04474793456,-0.010640545942323705,0.0,54.11296463012695,50.8129506111145,104.92591619491577,-9.58442658571812e-09,-5.4931642807787284e-06
865.5342660795201,6288.953750000001,500.0,0.05,30,600000,36,0.011951607652008533,0.0002879999999999997,31.840182619142244,177542.95985594057,-0.008267247241744517,0.0,54.70402717590332,48.40990662574768,103.11393451690674,-1.1301040991895661e-08,-1.0791015483846422e-05
847.2777680603024,12450.897500000001,500.0,0.045,31,620000,36,0.011336944997310638,0.00028759999999999967,39.34103721940945,464563.4824932885,-0.010371086073518302,0.0,55.06324601173401,48.909881591796875,103.9731285572052,6.771087690538025e-09,-1.4453125004365575e-05
853.8226250522323,16001.07375,500.0,0.005,32,640000,36,0.011771558783948421,0.00028719999999999966,35.77049519032251,390811.97836863797,-0.010135929907126109,0.0,60.40221881866455,49.28006649017334,109.6822862625122,-4.072189341286503e-08,-1.4746094166184776e-05
863.4103971128079,14656.23125,500.0,0.0,33,660000,36,0.012097975239157677,0.00028679999999999965,53.448939607377845,365727.8400801773,-0.009220669672711705,0.0,57.3791229724884,49.75531053543091,107.13443446159363,-1.4019012617438875e-08,-3.864746031467803e-05
953.7252908591184,13627.789999999999,500.0,0.0225,34,680000,36,0.013331446796655655,0.00028639999999999964,55.83690451509275,393248.90774621716,-0.010659589867445947,0.0,63.22085499763489,49.76048755645752,112.98134350776672,1.1730193705261627e-08,1.1376952897990122e-05
998.5895300782764,11822.9025,500.0,0.027500000000000004,35,700000,36,0.011611993424594402,0.00028599999999999963,55.5536025083357,368189.8374482772,-0.008356190302921179,0.0,59.93780875205994,49.52546739578247,109.46327710151672,-1.3160705414350105e-08,1.655273445066996e-05
1036.2264482697933,11245.1,500.0,0.0,36,720000,36,0.011672711931169033,0.0002855999999999996,43.73267025358507,404524.8782919551,-0.010194396450940385,0.0,56.48731017112732,51.86382818222046,108.35114169120789,3.433227480087453e-09,-2.731933636823669e-05
951.3630290463977,11756.804999999998,500.0,0.08625,37,740000,36,0.012745074927806854,0.0002851999999999996,50.694725576765705,256113.25320303487,-0.010066132840674329,0.0,60.840909242630005,52.56594729423523,113.4068591594696,-1.2445450003895075e-08,-8.447265827271622e-06
1006.5893442439703,18039.98125,500.0,0.085,38,760000,36,0.012602437287569046,0.0002847999999999996,73.27540460993815,463243.9588283746,-0.011203779580619468,0.0,55.97440242767334,47.730570793151855,103.70497393608093,2.312660285497259e-08,2.3339844119618647e-05
1097.311384667515,9029.685000000001,500.0,0.04125,39,780000,36,0.013949453830718994,0.0002843999999999996,73.29523034928579,260641.99422867855,-0.012940408826098067,0.0,54.28845191001892,52.41251349449158,106.7009665966034,-2.5272369086337676e-08,-1.630859333090484e-05
1067.074397904607,12936.84375,500.0,0.0425,40,800000,36,0.013032696209847927,0.0002839999999999996,62.00746627559804,313958.85051833733,-0.010163780557472565,0.0,55.39684820175171,50.43421483039856,105.83106398582458,-3.914832902296439e-08,-1.2109375347790774e-05
1037.7193274239137,12365.89,500.0,0.045,41,820000,36,0.01610439456999302,0.0002835999999999996,65.46780769487286,408073.25052970805,-0.010198412908108578,0.0,54.887934923172,47.41767144203186,102.3056070804596,8.869171175263091e-09,4.785156306752469e-06
995.8606281018285,15521.766249999997,500.0,0.05,42,840000,36,0.01347219105809927,0.00028319999999999957,80.06887040757778,478615.68557946174,-0.010199893184013157,0.0,56.364697217941284,50.122032165527344,106.48673057556152,4.863739189175931e-09,2.207031320722308e-05
1055.693744471789,14872.89625,500.0,0.0,43,860000,36,0.014839451760053635,0.00028279999999999956,56.30931656361473,317945.69695847755,-0.01143391119633356,0.0,56.499155044555664,50.25620985031128,106.75536608695984,2.2888184680880386e-09,-2.4755860067671165e-05
881.3508054171992,19244.85625,500.0,0.025,44,880000,36,0.016281021758913994,0.00028239999999999955,90.98544620782042,649931.492713048,-0.0110826583755314,0.0,54.56131196022034,49.22409534454346,103.78540825843811,-1.5377998874299692e-09,3.57910139427986e-05
989.1808934467011,21849.33625,500.0,0.025,45,900000,36,0.012841800227761269,0.00028199999999999954,94.30076275923001,535696.7759293463,-0.010563756040113796,0.0,55.66594886779785,50.724756479263306,106.39070630073547,5.125999624766564e-09,-1.3574218428402673e-05
1069.7673858134167,13741.440000000002,500.0,0.0,46,920000,36,0.015857070684432983,0.0002815999999999995,67.30613636894348,360082.54826964356,-0.012413747968652375,0.0,57.51376414299011,52.580487966537476,110.09425330162048,-3.814697446813398e-09,6.4453124650754035e-06
1104.12974515169,15914.086249999998,500.0,0.0,47,940000,36,0.015342355705797672,0.0002811999999999995,63.80328359356746,335100.6261530163,-0.011138983728388244,0.0,56.03790855407715,51.4775447845459,107.51545429229736,6.675720420901143e-09,1.423339836037485e-05
1045.6915771892905,11605.876250000001,500.0,0.03250000000000001,48,960000,36,0.014481673948466778,0.0002807999999999995,62.57597048434121,195961.64884691438,-0.012232965190901017,0.0,54.93227171897888,54.953601598739624,109.88587427139282,-1.5020370724982968e-08,1.1230468999201548e-06
1064.0349162846185,18524.855,500.0,0.0175,49,980000,36,0.01331278495490551,0.0002803999999999995,74.97506722051453,450016.72396388004,-0.012003459722609687,0.0,56.80804371833801,57.73073601722717,114.53878211975098,2.2172928382246937e-08,5.95703113503987e-06
1067.8579702142397,17880.739999999998,500.0,0.0,50,1000000,36,0.013260681182146072,0.0002799999999999995,88.73466327455309,303792.88687613705,-0.012400615024346499,0.0,55.60415983200073,46.19075274467468,101.79491424560547,2.00271599304358e-09,-1.9531250927684596e-06
266.6270389313629,4529.68,500.0,0.0,51,1020000,29,0.02039647474884987,0.0002795999999999995,520.9904653425848,30345.441945500344,-0.0003487717283203651,0.0874664494325366,57.48709511756897,46.86048769950867,104.34758377075195,-2.6702879907247734e-09,-1.6210937246796675e-05
12.402369447330049,5458.08625,500.0,0.0,52,1040000,36,0.01191649865359068,0.00027919999999999947,308.93529220722564,56050.78163233098,-0.0017991185136305358,0.788552195328345,57.43260884284973,55.43459463119507,112.8672046661377,-9.155273872352154e-09,-2.1728515093855094e-06
19.448321820873552,8378.34375,500.0,0.0,53,1060000,36,0.010025538504123688,0.00027879999999999946,168.14154972283603,153771.36414670554,-0.0024319858168384717,1.9105739784782392,60.54540252685547,63.676154136657715,124.22155928611755,-1.831054774470431e-08,-3.906250185536919e-06
24.94597297326208,9555.763750000002,500.0,0.0,54,1080000,31,0.026569589972496033,0.00027839999999999945,154.95015388924375,148960.870537986,-0.007265862905687484,3.1950334434495518,55.45473504066467,44.69057512283325,100.14531111717224,3.7193299107229905e-08,1.977539113795501e-06
60.686819300111,3709.5724999999998,500.0,0.025,55,1100000,36,0.011183966882526875,0.00027799999999999944,105.91005935743425,115661.46763589715,-0.0054207410534263915,4.2842771008922815,55.33299708366394,66.70316457748413,122.03616261482239,-6.494521898048333e-08,7.226562502182787e-06
26.406553502658333,7322.39875,500.0,0.0,56,1120000,19,0.026256507262587547,0.00027759999999999943,161.73095257799025,130549.74191326772,-0.004134070842002387,5.091304433953167,58.44340252876282,31.961601734161377,90.40500521659851,1.6212464259979242e-08,8.78906234902388e-07
28.32419052088677,3226.1425,500.0,0.0,57,1140000,36,0.01176304742693901,0.0002771999999999994,107.8923387188077,72113.63635964575,-0.00818183413655641,6.022650702523559,60.41026735305786,58.57827925682068,118.9885482788086,-7.057189943537878e-09,1.582031291036401e-05
26.18349141502324,3281.5024999999996,500.0,0.0,58,1160000,36,0.012127461843192577,0.0002767999999999994,84.79190240314254,67901.78220584911,-0.006189200836642096,7.208747775833108,57.31417512893677,55.05578064918518,112.36995673179626,-2.574920721087892e-09,2.050781176876626e-06
25.244815426339052,1581.315,500.0,0.0,59,1180000,36,0.012180514633655548,0.0002763999999999994,64.5671527923148,97939.7777732061,-0.003986320729161797,8.300007629910809,56.20912981033325,55.605605125427246,111.81473588943481,5.207061803957913e-08,-6.494140507129487e-06
27.346150980517713,840.0825000000001,500.0,0.0,60,1200000,36,0.014274723827838898,0.0002759999999999994,57.076431763438755,55014.81443754663,-0.008912915713876984,9.6525852841014,56.76159071922302,64.67254114151001,121.43413257598877,9.441375681262798e-09,-1.7089844277506927e-06
46.960950906728044,2373.1737499999995,500.0,0.025,61,1220000,36,0.012500971555709839,0.0002755999999999994,81.0649719539584,96494.06363381958,-0.008904781102657088,11.205441704954202,59.744473457336426,58.019927740097046,117.76440215110779,-1.3351439953623867e-09,-8.691406037542038e-06
47.98516328765203,710.8025,500.0,0.0,62,1240000,36,0.012505071237683296,0.00027519999999999937,50.61736490271978,41048.689771669146,-0.009841249865576222,12.644955550519803,56.72486209869385,56.86882710456848,113.59369087219238,1.907348723406699e-09,4.39453117451194e-07
42.633264604634086,588.92875,500.0,0.0,63,1260000,36,0.012506850063800812,0.00027479999999999936,45.42446039977292,50571.607544638646,-0.010661399361768716,14.490927126376308,55.51329588890076,60.639732837677,116.1530294418335,-2.727508530142586e-08,2.9296875254658516e-06
57.33017297633264,3125.10875,500.0,0.0,64,1280000,36,0.016426974907517433,0.00027439999999999935,43.09375306448701,86328.09038992474,-0.010066933613311435,15.984280528182632,58.766807317733765,57.983678340911865,116.75048804283142,-3.671646098268866e-09,1.367187451251084e-06
59.63055732988291,971.8412500000002,500.0,0.0,65,1300000,36,0.013339931145310402,0.00027399999999999934,49.943639138678435,76444.59388823369,-0.009677186512355558,17.030180701728742,56.81779742240906,58.70946264266968,115.52726125717163,-3.218650945768786e-08,-1.0351562195864972e-05
117.565244714788,1719.4912500000003,500.0,0.025,66,1320000,36,0.01923033595085144,0.00027359999999999933,50.52308821322692,40230.51919162413,-0.005895584379760882,18.428086155223475,61.231526374816895,60.619728803634644,121.85125708580017,8.01086397217432e-09,-2.9296876391526894e-07
51.218219153000106,2566.0325000000003,500.0,0.0,67,1340000,36,0.012191676534712315,0.0002731999999999993,34.31955821902607,67832.79602215448,-0.00994766980823626,19.822955777808456,59.79375433921814,53.71594738960266,113.5097029209137,1.7166137400437265e-09,-1.7089844277506927e-06
59.873711871818,2645.975,500.0,0.030000000000000006,68,1360000,36,0.01762257143855095,0.0002727999999999993,48.685866994641124,73891.82616088998,-0.008895757401919632,21.027508673703455,57.07214975357056,54.4381787776947,111.51032972335815,1.6260147006619263e-08,2.3437501113221515e-06
53.16456649835966,1173.5449999999998,500.0,0.02,69,1380000,36,0.012753902934491634,0.0002723999999999993,35.69856734710845,67073.05253933117,-0.010934029657305753,22.454616032892567,58.86765193939209,54.68521046638489,113.55286383628845,-2.2602081983791322e-08,-8.78906234902388e-07
68.79188277032316,996.8299999999999,500.0,0.0,70,1400000,36,0.01365101058036089,0.0002719999999999993,30.722554816690202,48556.438144844986,-0.011165673886896084,24.62525620391109,60.16943883895874,53.36081838607788,113.53025817871094,5.722046170220096e-10,-2.050781176876626e-06
61.9924127672841,631.8575000000001,500.0,0.0,71,1420000,36,0.01263524405658245,0.0002715999999999993,35.607983427264394,54596.21083735641,-0.010748552071194425,26.99217919724437,60.612149477005005,56.36777901649475,116.97992944717407,1.0108947456899386e-08,-2.83203121398401e-06
75.8351333547951,678.43875,500.0,0.05,72,1440000,36,0.01158891525119543,0.0002711999999999993,47.77377638276858,36364.28758283621,-0.010134002855458363,28.780731960184234,61.6272759437561,58.18737554550171,119.81465268135071,1.7452240541615538e-08,-2.5390625069121597e-06
62.41991610839818,2016.2362500000004,500.0,0.01125,73,1460000,36,0.014585104770958424,0.00027079999999999926,30.004168644669125,73885.33989982348,-0.01469158902232868,29.905968737678407,60.431564807891846,54.86657643318176,115.29814291000366,2.5129319070060774e-08,-5.126952942191565e-07
70.7466900085681,3168.6775,500.0,0.03875000000000001,74,1480000,36,0.014431312680244446,0.00027039999999999925,47.399663064426505,75861.38558233042,-0.011012515368263734,31.022234721178698,58.27650427818298,57.201759338378906,115.47826480865479,-2.1934509764065524e-09,4.882812731921149e-07
94.48038655727945,4467.36875,500.0,0.0,75,1500000,36,0.015183876268565655,0.00026999999999999924,34.797433810069876,93399.17750080774,-0.011324520979624938,32.91006880988032,59.3011429309845,51.460740089416504,110.76188397407532,-2.7465819840699623e-08,1.904296823340701e-06
81.5725501363011,52.691250000000004,500.0,0.025,76,1520000,36,0.019888095557689667,0.00026959999999999923,44.369433895509886,59163.322988253516,-0.011586864886649699,34.636837028297585,57.731698751449585,55.90192484855652,113.63362622261047,6.961822673900997e-09,5.95703113503987e-06
98.63196411301999,1981.6212499999997,500.0,0.0,77,1540000,36,0.016495345160365105,0.0002691999999999992,43.089156187211195,99697.78387462006,-0.009955893149978806,35.91328309688494,56.06745219230652,56.75397992134094,112.82143354415894,9.727478378351861e-09,7.5683592513087206e-06
102.13939846854186,1451.98,500.0,0.025,78,1560000,36,0.016602810472249985,0.0002687999999999992,52.450940798054276,56242.18147712792,-0.010395130464891622,37.32873289340517,59.36254024505615,57.5284948348999,116.89103698730469,-6.294250454175199e-09,3.7109375625732355e-06
147.51981184991783,1465.30875,500.0,0.09624999999999999,79,1580000,36,0.012339215725660324,0.0002683999999999992,46.268746857783626,125898.16638868263,-0.009011309620581536,39.26436302752456,56.99344873428345,55.087406396865845,112.08085632324219,5.435943695175638e-09,4.223632913635811e-06
127.71486409753047,1513.2275000000002,500.0,0.06875,80,1600000,34,0.020249586552381516,0.0002679999999999992,33.631174103744584,52812.33660972407,-0.01459972054601833,41.35039450973972,56.608924865722656,55.024736166000366,111.63366222381592,1.3160705414350105e-08,-2.9296876391526894e-07
180.09306110782595,4203.4887499999995,500.0,0.052500000000000005,81,1620000,36,0.013395137153565884,0.0002675999999999992,63.92134666341308,76374.72027923726,-0.009058004325127806,43.315583797816394,59.42700266838074,57.8859281539917,117.31293153762817,-3.051757735406113e-09,-2.978515567519935e-06
137.613712800909,4349.625,500.0,0.0325,82,1640000,36,0.015765219926834106,0.0002671999999999992,62.3082635805545,126221.07295064008,-0.011828435453961355,44.978537188128115,60.274216651916504,60.08529496192932,120.35951280593872,0.0,5.0781250138243195e-06
134.0615041487456,6344.030000000001,500.0,0.0,83,1660000,33,0.02043798752129078,0.00026679999999999917,55.421610286268354,138441.05402738194,-0.01361543091404175,46.855785668652224,59.62716460227966,50.459768295288086,110.0869345664978,-1.6498566068889886e-08,1.8554687812866177e-06
141.41287555106518,2999.8925,500.0,0.0,84,1680000,22,0.02039920911192894,0.00026639999999999916,90.09007589864828,75259.62385325525,-0.008471590233763836,48.09362311561268,57.18795418739319,34.15172576904297,91.33968114852905,3.433227480087453e-09,-2.148437488358468e-06
159.85395454642895,3053.82625,500.0,0.04625,85,1700000,36,0.017808597534894943,0.00026599999999999915,102.4789649183377,125071.40131050735,-0.010814232872068395,49.29066709850881,57.22883868217468,52.67287588119507,109.90171670913696,2.2888184680880386e-09,2.3437501113221515e-06
171.68744116326428,2979.6675000000005,500.0,0.053750000000000006,86,1720000,36,0.016522571444511414,0.00026559999999999914,60.474233795574975,82751.70534302235,-0.012080250757895667,51.751787077673875,59.41114568710327,53.2759575843811,112.68710446357727,-9.536743617033494e-10,9.765625463842298e-07
145.6657025852226,3742.7324999999996,500.0,0.0,87,1740000,36,0.014999239705502987,0.00026519999999999913,50.46559407459661,115537.7783613926,-0.012321195213211272,53.94762005398025,58.848883628845215,55.897398710250854,114.74628329277039,-1.0490417423625331e-08,1.757812469804776e-06
239.3866290766876,4323.73,500.0,0.041249999999999995,88,1760000,32,0.023677121847867966,0.0002647999999999991,91.05275019746239,121537.67915626989,-0.005998721134035938,55.88492331527674,59.0236234664917,49.191258668899536,108.21488308906555,6.818771325356465e-09,-1.074218744179234e-06
166.15119899860005,4178.81625,500.0,0.045,89,1780000,36,0.017009187489748,0.0002643999999999991,80.05686745763798,77146.9660925332,-0.012216609280992347,57.44672075873535,65.09151840209961,50.99716329574585,116.08868288993835,8.368492565580254e-09,-8.300781701109372e-06
168.9799824193116,6068.3175,500.0,0.09125,90,1800000,29,0.02009166032075882,0.0002639999999999991,106.8241047854464,130994.56281296907,-0.01097457050551556,58.673142587296745,63.12779903411865,40.37683844566345,103.504638671875,4.291534350109316e-10,-1.1474609209471964e-06
263.81327800507705,4875.20375,500.0,0.14125000000000001,91,1820000,36,0.01616182178258896,0.0002635999999999991,173.99447734363542,129728.88975651111,-0.007646164799222004,59.39667822919419,60.93681836128235,52.58748531341553,113.52430510520935,2.6702879907247734e-09,1.074218744179234e-06
326.5844115587427,3746.085,500.0,0.13,92,1840000,31,0.023066584020853043,0.0002631999999999991,169.9042029211254,117864.42059891674,-0.006463229911270179,60.55623263284667,65.00896954536438,44.70088839530945,109.70985913276672,6.198883073516015e-10,0.0
206.29611094060888,5719.50875,500.0,0.10750000000000001,93,1860000,33,0.02063719928264618,0.00026279999999999907,90.52110568587715,116720.0581389852,-0.011643921117855439,62.06756960340432,65.59043169021606,46.83844470977783,112.42887830734253,-3.6239624634504253e-09,-2.5390625069121597e-06
220.31062996607233,8134.792499999999,500.0,0.06875,94,1880000,36,0.015664000064134598,0.00026239999999999906,98.57227548792889,227544.49871629005,-0.011862403387435239,63.70670420470964,61.583656787872314,51.35681462287903,112.94047260284424,-2.7656554824062596e-09,2.050781176876626e-06
237.6612350593179,3022.5587499999997,500.0,0.08625000000000001,95,1900000,36,0.01395359355956316,0.00026199999999999905,117.32301803798086,125037.75212723878,-0.010863474309489059,65.35973924265122,63.06313872337341,52.846482276916504,115.90962219238281,-3.8146971692576415e-10,4.2480469346628524e-06
368.85469656518836,3654.03625,500.0,0.13374999999999998,96,1920000,36,0.018002938479185104,0.00026159999999999904,190.97963387161272,140021.10822111706,-0.009766176371396455,66.86946005139065,63.04140067100525,52.66709017753601,115.70849180221558,-2.6702879907247734e-09,2.9296876391526894e-07
318.6671317054833,2238.5387499999997,500.0,0.10500000000000001,97,1940000,36,0.014786000363528728,0.00026119999999999903,164.08555412258627,84187.94065107807,-0.007365053130563693,67.92480635990012,63.151561975479126,52.69350218772888,115.84506702423096,3.2424927187690855e-09,-2.4902344648580765e-06
276.66251904575984,3164.0625,500.0,0.08375,98,1960000,36,0.015450594946742058,0.000260799999999999,116.2591995375352,95958.7124751006,-0.00834334757224935,69.8792505836419,60.170207500457764,54.47412109375,114.64432978630066,1.0967254882032762e-09,-2.6855468604480848e-06
502.09068386256513,4718.4,500.0,0.0975,99,1980000,29,0.021442320197820663,0.000260399999999999,210.48611353493555,209630.71170265507,-0.006202248424366306,71.1755758909398,61.31134629249573,43.24044227600098,104.55178952217102,1.1444091896350983e-08,7.81249980263965e-07
293.4393269975257,13004.199999999999,500.0,0.1325,100,2000000,36,0.01720699481666088,0.000259999999999999,217.99336296673314,186477.96112955382,-0.010256607379087564,71.98574880289193,59.63693952560425,54.619497776031494,114.2564389705658,6.484985437538171e-09,-5.81054700887762e-06
488.1618001582159,1455.625,500.0,0.01125,101,2020000,36,0.005578792188316584,0.000259599999999999,203.0894980461072,693302.3809243751,-0.0012180190511496805,72.71071165285933,53.841758728027344,58.446547508239746,112.28830862045288,-4.177093515522756e-08,-1.4453125004365575e-05
560.6931780062156,0.0,500.0,0.0,102,2040000,36,0.0063370526768267155,0.000259199999999999,145.33087917029286,404590.59698319493,-0.0014531877449587025,73.44820447724722,54.387150049209595,57.1816132068634,111.5687644481659,-1.0871887390351276e-08,3.242187449359335e-05
542.1711208991389,0.0,500.0,0.0,103,2060000,36,0.008620825596153736,0.00025879999999999897,140.48701682427608,217317.19561106744,-0.002179129356667988,75.65173992621463,53.22185921669006,61.807867765426636,115.02972888946533,1.9836425835251248e-08,-1.9921875718864612e-05
597.5238827145283,0.0,500.0,0.0,104,2080000,36,0.011334252543747425,0.00025839999999999896,115.65683310049664,151365.41405782,-0.0022863008844253583,78.5141052304323,52.233017921447754,58.90649724006653,111.1395161151886,-3.833770634287248e-08,6.4453124650754035e-06
560.8069483719495,0.0,500.0,0.0,105,2100000,36,0.014882383868098259,0.00025799999999999895,92.73917733983956,142624.39176397625,-0.003272689574657297,81.04938503085276,54.625351667404175,57.64430379867554,112.2696590423584,8.01086397217432e-09,1.191406227007974e-05
546.6889504003639,0.0,500.0,0.0,106,2120000,36,0.013296621851623058,0.00025759999999999894,75.33711255015656,92137.04971061059,-0.0030330706501900647,84.04095994016994,51.34075713157654,55.75285840034485,107.0936164855957,-2.2888184680880386e-09,-4.0039062696450856e-06
564.9690753183662,0.0,500.0,0.0,107,2140000,36,0.008567405864596367,0.00025719999999999893,80.11626746496242,82937.96018644475,-0.003274201439778867,87.32123253876155,52.147228956222534,55.12051439285278,107.26774430274963,4.1961669694501325e-09,-7.81249980263965e-07
609.5792736618574,0.0,500.0,0.0,108,2160000,36,0.008235042914748192,0.0002567999999999989,51.74655366866437,62793.03930343395,-0.003016831234039955,90.89508773064334,50.635764360427856,54.248592376708984,104.88435769081116,5.531310964812519e-09,3.1738281904836185e-06
596.6335944657382,0.0,500.0,0.0,109,2180000,36,0.0074355523101985455,0.0002563999999999989,51.48898688478169,40643.17496666792,-0.0027676016472458222,94.35361738479176,50.617955446243286,54.89983344078064,105.51778960227966,-1.5258788677030566e-09,1.220703097715159e-06
611.3789277774562,0.0,500.0,0.0,110,2200000,36,0.01283455640077591,0.0002559999999999989,53.16331406125457,29267.137622187314,-0.0017329979099798287,97.13932728860495,50.41381049156189,54.42079019546509,104.83460140228271,-7.724762163263676e-09,-6.347656267280399e-07
607.5894062131914,0.0,500.0,0.0,111,2220000,36,0.008088582195341587,0.0002555999999999989,58.774200508007986,35931.17615162095,-0.0026930771181222684,100.48783191603721,50.36899018287659,56.7075777053833,107.0765688419342,6.484985437538171e-09,-2.7832031719299266e-06
625.7659335404053,0.0,500.0,0.0,112,2240000,36,0.006752490997314453,0.0002551999999999989,38.27985377374337,31528.676828489348,-0.0031631129495159815,103.653479135667,51.37165927886963,54.484182596206665,105.85584306716919,-3.499984657651112e-08,4.052734311699169e-06
627.6408659575334,0.0,500.0,0.0,113,2260000,36,0.006794517394155264,0.0002547999999999989,61.79953128080398,28471.81473477072,-0.0020158892189500338,107.7676281534614,51.48222327232361,54.7515652179718,106.23378944396973,1.525878978725359e-08,-5.81054700887762e-06
608.9261460394507,0.0,500.0,0.0,114,2280000,36,0.009885355830192566,0.00025439999999999887,68.874346848367,25838.001799854606,-0.0019666838070193722,112.18792473072273,51.55107378959656,57.08128356933594,108.63235831260681,1.2588500908350397e-08,-2.8808594834117685e-06
634.8805648942905,0.0,500.0,0.0,115,2300000,36,0.008411784656345844,0.00025399999999999886,107.09327255304206,30025.496184750235,-0.0020217457868234525,117.27337888542286,51.252607345581055,55.15150785446167,106.40411591529846,-1.0871887390351276e-08,2.9296876391526894e-07
631.0726831797414,0.0,500.0,0.0,116,2320000,36,0.00550030218437314,0.00025359999999999885,110.03777502257645,18862.707060391742,-0.002115235570811987,122.021776009757,51.764533281326294,55.562169551849365,107.32670378684998,4.76837147544984e-09,2.1240234673314262e-06
650.2504291627608,13.59,500.0,0.0,117,2340000,10,0.02215726301074028,0.00025319999999999884,206.51118546263478,29937.319658234326,-0.0011579327808972745,125.52929407186782,51.916970014572144,15.333739519119263,67.25071024894714,0.0,1.4404297417058842e-06
696.9846181101203,79.5575,500.0,0.0,118,2360000,36,0.013987498357892036,0.0002527999999999988,182.13388314042314,29811.38162832697,-0.0013694384105323873,129.07614011293953,52.435134410858154,58.28595757484436,110.72109293937683,-4.00543198608716e-09,-7.5683592513087206e-06
675.1585471830892,143.475,500.0,0.0,119,2380000,36,0.007217984646558762,0.0002523999999999988,149.1745070874543,29750.947942276733,-0.002540123202765435,136.01422119140625,52.26494240760803,57.42834186553955,109.69328498840332,2.0217894913798773e-08,1.4184570318320766e-05
653.9229961804594,51.355,500.0,0.0,120,2400000,36,0.009972304105758667,0.0002519999999999988,110.93592010307786,31206.65743828971,-0.0028299182058084873,142.73041921310235,52.65174436569214,54.41007208824158,107.06181716918945,-6.866454960174906e-09,2.978515567519935e-06
688.7087398377076,118.62249999999999,500.0,0.0,121,2420000,36,0.007244263309985399,0.0002515999999999988,192.83074090782955,37474.11886771097,-0.0018649958819613776,146.62800957947536,51.62828516960144,55.758923292160034,107.38720965385437,-3.433227480087453e-09,4.052734311699169e-06
700.4987408335328,134.49,500.0,0.0,122,2440000,36,0.00978698581457138,0.0002511999999999988,168.86418015659808,41356.27709895937,-0.002387097629976026,150.36985667224974,52.90554904937744,55.544248819351196,108.44980072975159,-5.531310964812519e-09,-5.9082030929857865e-06
748.4805000954191,11.434999999999999,500.0,0.0,123,2460000,36,0.00848790630698204,0.0002507999999999988,115.72593444418645,35080.22404396022,-0.0017377937782967756,152.7442088629872,52.13866305351257,57.6927752494812,109.83143925666809,-5.149841442175784e-09,-6.4453124650754035e-06
709.4057103975969,73.45,500.0,0.0,124,2480000,36,0.00837938953191042,0.00025039999999999877,190.2247054672512,28739.42442129485,-0.0029583044377443067,156.6347571059157,52.35979080200195,54.97041177749634,107.33020377159119,3.051757735406113e-09,7.226562502182787e-06
714.4729953539461,113.94499999999998,500.0,0.0,125,2500000,36,0.010646091774106026,0.00024999999999999876,231.3830371387131,44482.47822706759,-0.002936749172361087,161.01817873060006,51.574822187423706,55.099968910217285,106.67479228973389,-7.629394893626795e-09,-7.2753905442368705e-06
718.0322163528792,814.8550000000001,500.0,0.0,126,2520000,36,0.008134291507303715,0.00024959999999999875,240.38383070340086,39711.660761964886,-0.003778831121625156,165.49219778898467,50.69806432723999,54.71075177192688,105.40881681442261,1.7356873271978657e-08,2.83203121398401e-06
728.1294367966816,76.88125,500.0,0.0,127,2540000,36,0.014277759939432144,0.00024919999999999874,186.13115127991395,44023.130702897935,-0.002976228508808679,170.9170533973442,50.901756286621094,55.23092699050903,106.13268399238586,4.1961669694501325e-09,-2.4414063659605745e-07
706.9189397290036,258.09375,500.0,0.0,128,2560000,36,0.008102275431156158,0.00024879999999999873,146.43785256631924,48459.95432706975,-0.0032034278403436003,174.50706893465897,51.65959191322327,55.3391752243042,106.99876809120178,-3.6239624634504253e-09,8.251952749560587e-06
770.5546333038878,45.760000000000005,500.0,0.0,129,2580000,36,0.008851819671690464,0.0002483999999999987,174.26579171273147,38733.21619324012,-0.0021191011760804544,177.7093485452031,51.72039008140564,56.781877756118774,108.50226879119873,2.5939941750152684e-08,7.373047083092388e-06
796.796444575671,43.55499999999999,500.0,0.0,130,2600000,36,0.010418207384645939,0.0002479999999999987,142.72869351572885,40381.526197797066,-0.002424522359744058,184.24399840599008,50.600730180740356,55.04029202461243,105.6410231590271,-1.1825561863076928e-08,8.15429666545242e-06
738.0238665956829,23.133750000000003,500.0,0.0,131,2620000,36,0.008883371017873287,0.0002475999999999987,92.11670211261158,33263.93533415112,-0.0031901715460076682,191.99648683308962,50.32269024848938,55.1813690662384,105.5040602684021,6.484985437538171e-09,-4.052734311699169e-06
857.7936504185902,72.25125,500.0,0.025,132,2640000,36,0.007545751985162497,0.0002471999999999987,119.91764664624573,41076.05040710904,-0.0017453000282914698,194.65722259748986,51.14811301231384,54.181135416030884,105.3292498588562,-1.1444092340440193e-09,-3.3203125440195436e-06
769.4540335672935,886.3862499999999,500.0,0.0,133,2660000,36,0.008911021053791046,0.0002467999999999987,48.3669052807033,39106.60034873023,-0.00431667493333439,198.49792272468218,50.7677903175354,53.53831768035889,104.30610918998718,-2.0980834847250662e-09,-2.6367188183940016e-06
760.2205359781525,9.55,500.0,0.0,134,2680000,36,0.008082200773060322,0.00024639999999999867,53.12402495290102,40203.84875371281,-0.0033447665134820072,201.96386140925605,51.514822006225586,55.60606098175049,107.12088418006897,2.2006034328114765e-08,1.5136719184738467e-06
772.7667712122446,29.296249999999997,500.0,0.0,135,2700000,36,0.00992691982537508,0.00024599999999999866,54.232029566749596,39885.63227091861,-0.004326000383722486,205.88618647176236,51.53931760787964,54.92719340324402,106.46651220321655,-4.181861967822442e-08,-2.4902344648580765e-06
824.6581249156294,119.6125,500.0,0.0,136,2720000,36,0.011328034102916718,0.00024559999999999865,73.37370667814743,39905.37966328527,-0.005919497379644506,212.6716686420759,51.79820227622986,55.22282028198242,107.02102398872375,8.201599399626502e-09,-1.074218744179234e-06
835.7458066123629,243.30750000000003,500.0,0.0,137,2740000,36,0.00911534670740366,0.00024519999999999864,59.43130462068931,42077.757915330265,-0.006084318497954786,218.08941959547667,50.86012291908264,55.916146755218506,106.77627086639404,2.07901003079769e-08,5.615234385913936e-06
808.5967809460105,365.72625,500.0,0.0,138,2760000,36,0.012846703641116619,0.00024479999999999863,48.54824808899037,38362.30316218443,-0.005480387280622407,220.53220204524973,51.61067485809326,55.15908646583557,106.76976251602173,4.81605511026828e-09,6.83593725625542e-07
928.8978294977751,532.84875,500.0,0.025,139,2780000,36,0.011135424487292767,0.0002443999999999986,123.48610815817386,56207.529165054664,-0.003126354250462807,223.5936600993532,50.677624225616455,54.05492043495178,104.73254561424255,1.2493133638713516e-08,-3.906249901319825e-07
959.1733228788383,2388.78375,500.0,0.025,140,2800000,36,0.009433415718376637,0.00024399999999999864,147.57114579096134,62653.65277036776,-0.003579206382163976,227.26372432200927,50.589998722076416,53.9324734210968,104.52247333526611,6.103515470812226e-09,3.4179688555013854e-06
886.637728451334,992.43625,500.0,0.01875,141,2820000,36,0.010575106367468834,0.00024359999999999866,167.56716912513005,48612.983977502314,-0.003713872145441019,231.25030706214025,51.20988893508911,54.08255100250244,105.29244089126587,-1.7166137400437265e-09,5.66406242796802e-06
983.9146287311685,829.61,500.0,0.028750000000000005,142,2840000,36,0.011961694806814194,0.00024319999999999865,213.4786020127602,62628.67459850697,-0.005757324787619318,238.07809525294468,51.26715970039368,54.35599422454834,105.62315464019775,-9.346008411625917e-09,2.148437488358468e-06
987.4986212786778,2813.6400000000003,500.0,0.0025,143,2860000,36,0.01299214456230402,0.00024279999999999864,333.1123730920501,79618.46643885408,-0.005845919015191586,242.85839462551107,51.356401681900024,54.77462553977966,106.13102841377258,-5.531310964812519e-09,-3.7597656046273187e-06
1072.6638351792521,660.47,500.0,0.05,144,2880000,36,0.014229951426386833,0.00024239999999999865,300.2068865897599,94142.88420307022,-0.00279441485114916,246.53696101076602,51.53792977333069,54.15922403335571,105.6971549987793,2.6702879907247734e-09,-4.394531060825102e-06
1054.5943517131927,2927.15,500.0,0.0225,145,2900000,36,0.012095910497009754,0.00024199999999999867,247.73363375807637,113615.16581655116,-0.006694959441194443,248.80159874625946,52.12260675430298,54.380810022354126,106.50341963768005,-4.577636936176077e-09,6.83593725625542e-07
1044.020090053992,2571.44,500.0,0.026250000000000002,146,2920000,36,0.012384239584207535,0.0002415999999999987,285.2544298341268,81581.27388647782,-0.0043771808114253085,249.88477574742174,51.448514223098755,54.72706961631775,106.17558479309082,3.7193297330873065e-09,-1.9531250927684596e-06
1425.4545261513194,4380.68125,500.0,0.11875,147,2940000,36,0.012481021694839,0.0002411999999999987,259.1437165318206,101954.38266871963,-0.0065058985939775065,252.4308864984861,51.41664433479309,55.320854902267456,106.73750042915344,8.77380390562621e-09,5.9082030929857865e-06
1347.501617684129,3150.08125,500.0,0.11875,148,2960000,36,0.013421650975942612,0.00024079999999999872,310.3498257206059,104878.52506016416,-0.006088756142451269,256.15625574709804,51.5392632484436,58.846548557281494,110.38581275939941,-5.817413217812373e-09,1.2695312534560799e-06
1434.4827579860896,2781.79,500.0,0.11625,149,2980000,36,0.013899054378271103,0.00024039999999999874,264.54493211218767,108375.90328391241,-0.00778865698789619,259.85517332153535,52.004817724227905,55.21934461593628,107.22416353225708,-5.340575981449547e-09,1.8554687812866177e-06
1371.1645291404034,5016.325,500.0,0.11374999999999999,150,3000000,36,0.013062804937362671,0.00023999999999999873,270.97191675935693,127505.67168563284,-0.006677602395451012,263.1897904135718,51.6684193611145,54.26660871505737,105.93502879142761,1.0490417423625331e-09,2.6367188183940016e-06
351.6165424298596,2901.1262500000003,500.0,0.058750000000000004,151,3020000,36,0.012788920663297176,0.00023959999999999872,512.195922560416,255796.9785525451,-0.004897751751712718,265.87990811110643,55.23595881462097,61.28548192977905,116.52144241333008,-1.005172762802431e-07,2.285156188008841e-05
3.9690144649055212,547.6725,500.0,0.0,152,3040000,17,0.02046152763068676,0.0002391999999999987,172.15466756377984,226810.60013665634,-0.0024972813528782328,268.4531852780955,54.335991621017456,28.406131982803345,82.7421247959137,5.309104835760081e-07,-1.8945313058793545e-05
4.75166692717098,180.8225,500.0,0.0,153,3060000,9,0.02702954038977623,0.0002387999999999987,139.7863158516144,168094.88702451077,-0.0026549247050023763,269.4340078118933,53.89648413658142,14.843519449234009,68.74000430107117,1.371383717696517e-07,1.2744140803988557e-05
4.859622448531636,2045.9912500000003,500.0,0.0,154,3080000,24,0.025637689977884293,0.0002383999999999987,108.85023019412836,183273.43204011602,-0.006400626467580409,271.0820045268066,54.007025957107544,38.6433265209198,92.65035343170166,-2.549171540522366e-07,-1.1230468771827873e-05
4.901708874776196,554.28,500.0,0.0,155,3100000,36,0.01265072450041771,0.00023799999999999868,109.73912575196661,130075.98397000563,-0.004636524414269563,275.57861220603894,53.6330144405365,58.54865908622742,112.18167471885681,3.1661986810149756e-08,-1.1132812687719706e-05
4.838263134966525,3598.8262500000005,500.0,0.0,156,3120000,36,0.013771917670965195,0.00023759999999999867,76.39307156174497,128015.13639400917,-0.006803370477411173,283.10413452137607,54.067590951919556,60.075095653533936,114.14268779754639,5.197524899358541e-08,2.2460937998403097e-06
4.961774268524943,398.115,500.0,0.0,157,3140000,36,0.010506830178201199,0.00023719999999999866,48.851099813750416,88788.35439806725,-0.0054419702722543544,289.7418319680482,54.58952021598816,58.0283260345459,112.61784720420837,-1.6241074263234623e-07,-7.421875125146471e-06
5.081681756006678,192.38875,500.0,0.0,158,3160000,36,0.007830158807337284,0.00023679999999999868,65.88940080904055,89766.80034574888,-0.003991299224717402,293.8839470751962,54.15658950805664,59.939876079559326,114.09646654129028,-4.7874451070129e-08,2.9296876391526894e-07
5.146054730330427,479.57624999999996,500.0,0.0,159,3180000,36,0.0114466967061162,0.0002363999999999987,57.65735509338894,56640.538449765096,-0.005251998447590016,299.98590289391143,53.502453565597534,58.263017892837524,111.76547288894653,-7.114410749409217e-08,9.765625463842298e-07
5.224630562906984,878.3425,500.0,0.0,160,3200000,36,0.013066807761788368,0.00023599999999999872,70.01427010233876,63350.57724966443,-0.005431055927015696,305.7070637609166,54.89177370071411,58.40409231185913,113.29586672782898,2.6702879907247734e-09,3.6132812510913936e-06
5.302152064662513,14.46375,500.0,0.0,161,3220000,25,0.023530416190624237,0.00023559999999999873,114.65843352686483,46229.33776151907,-0.001527181452663895,310.1356306238144,55.60954141616821,41.292386531829834,96.90192866325378,7.705688176429248e-08,9.277343906433089e-07
5.099598297951993,989.3199999999999,500.0,0.0,162,3240000,36,0.010835453867912292,0.00023519999999999872,108.1781178050571,49404.92596806048,-0.004306832650719514,320.14462461190567,53.935373306274414,62.587979793548584,116.52335405349731,-1.2235641122515517e-07,0.0
4.41680630854059,276.865,500.0,0.0,163,3260000,36,0.014271295629441738,0.00023479999999999874,102.304411995102,59131.57300381023,-0.006852515743832796,327.1284862839249,53.49282455444336,58.134443521499634,111.62726902961731,1.1634826435624745e-08,-6.83593725625542e-07
4.963264747452837,1588.1749999999997,500.0,0.0,164,3280000,36,0.012715102173388004,0.00023439999999999873,71.70329471949698,94909.45536412574,-0.004742355921293649,330.2325465209441,53.855621337890625,58.038687229156494,111.89430928230286,3.6430357397421176e-08,1.1718750556610757e-06
4.571655827380546,96.16749999999999,500.0,0.0,165,3300000,36,0.010267951525747776,0.00023399999999999872,76.21566503658165,52596.08625600082,-0.004192558971419137,331.7360652372437,53.00018095970154,59.40141701698303,112.40159893035889,3.299713213777977e-08,2.4414063659605745e-07
4.190165731747203,24.357499999999995,500.0,0.0,166,3320000,36,0.011832982301712036,0.0002335999999999987,98.89327137191795,42618.05540839518,-0.0044783805545961985,333.4331203592048,53.659884452819824,58.418437004089355,112.07832217216492,-6.484985437538171e-09,-2.9296876391526894e-07
3.9912055929005503,1419.78,500.0,0.0,167,3340000,21,0.021614795550704002,0.00023319999999999873,137.04432299915885,80466.2750501727,-0.004450062881598625,338.17354776999656,53.51097393035889,34.17044949531555,87.68142509460449,-1.7166136956348055e-08,-4.687500222644303e-06
3.7661771221629485,35.2525,500.0,0.0,168,3360000,36,0.011394962668418884,0.00023279999999999872,162.17340449267851,59688.069701195105,-0.004504056969762674,343.7934852331972,54.36823916435242,58.72142314910889,113.08966326713562,-1.0108947456899386e-08,-1.9531249506599124e-07
3.651413229913723,35.879999999999995,500.0,0.0,169,3380000,36,0.011545860208570957,0.0002323999999999987,146.89791455859617,45088.125744858575,-0.0033895548321774514,348.0059628769316,54.75343370437622,59.31713366508484,114.07057023048401,-9.155273872352154e-09,6.347656267280399e-07
4.281547262496416,956.3375,500.0,0.0,170,3400000,36,0.014724805019795895,0.00023199999999999873,228.347197353057,69215.2946090942,-0.004231590746062516,352.229360545913,54.340949296951294,58.14996123313904,112.49091148376465,3.8146971692576415e-10,-1.6601562720097718e-06
3.9214194054562603,400.75,500.0,0.0,171,3420000,36,0.011743827722966671,0.00023159999999999874,226.8237659261715,41810.321397569445,-0.004131577781708709,358.24951004770406,53.21991944313049,59.43109679222107,112.6510169506073,-1.4686584393075464e-08,-2.3437501113221515e-06
3.8532854592092733,39.6325,500.0,0.0,172,3440000,36,0.01340538915246725,0.00023119999999999876,276.41949500773535,63284.92846302687,-0.003510928211459625,363.80018961848543,55.31645202636719,60.03500580787659,115.35145926475525,-3.8146971692576415e-10,4.882812731921149e-07
4.2070038726137415,134.68625,500.0,0.0,173,3460000,36,0.012039568275213242,0.00023079999999999875,171.45487711130832,45882.156736287914,-0.004745270395943221,369.28166779669453,56.486855030059814,59.45201063156128,115.93886828422546,-1.2969970875076342e-08,-9.765624753299562e-08
4.13312197042989,24.67875,500.0,0.0,174,3480000,36,0.011630765162408352,0.00023039999999999877,156.9147389557161,43157.78142883712,-0.0037707649979688805,375.8170385797438,58.20381021499634,69.08461236953735,127.28842401504517,-2.174377478070255e-08,-4.833984348806553e-06
4.6920004908568504,43.2525,500.0,0.0,175,3500000,36,0.008859753608703613,0.00022999999999999876,113.23278060431679,38574.79448568055,-0.00545317572964713,385.3254594785929,60.70812225341797,67.23270559310913,127.94082951545715,2.632141082870021e-08,-6.347656267280399e-07
4.676902616628444,43.902499999999996,500.0,0.0,176,3520000,36,0.011461319401860237,0.00022959999999999878,88.95480588348275,37537.35640967074,-0.0057754687265825074,392.1181500468391,65.60186290740967,64.06176710128784,129.66363310813904,7.3909758313561724e-09,-5.4931642807787284e-06
4.893091015237937,1891.4675,500.0,0.0,177,3540000,25,0.020286114886403084,0.0002291999999999988,188.4286048287096,86662.14659569689,-0.004104959345973148,395.65781626740966,61.49864411354065,43.53205394744873,105.0306990146637,2.002716037452501e-08,-7.226562502182787e-06
4.76952964777382,76.61375000000001,500.0,0.0,178,3560000,36,0.012245678342878819,0.0002287999999999988,138.8035791322277,53169.49312870241,-0.00349617250927841,395.50090994274615,58.84500575065613,69.8736617565155,128.71866846084595,-9.63211022053656e-09,1.56249996052793e-06
4.407191393205678,135.57375000000002,500.0,0.0,179,3580000,36,0.011089405044913292,0.0002283999999999988,109.93363639095551,51237.99054377579,-0.004760693825044007,400.3171353622832,60.32767581939697,68.0321900844574,128.35986709594727,-8.77380390562621e-09,-7.81249980263965e-07
4.299321146010295,117.99875000000002,500.0,0.0,180,3600000,36,0.009188316762447357,0.00022799999999999882,132.7774658975002,58647.03211372221,-0.003470559439223979,406.4270391846786,58.30919337272644,67.68012428283691,125.98931860923767,1.5354157056890472e-08,1.025390588438313e-06
4.426859071825966,1034.55625,500.0,0.0,181,3620000,36,0.010503276251256466,0.0002275999999999988,92.00682718871458,74481.6595852452,-0.006179608956958277,411.78625595531526,59.35589075088501,64.2046411037445,123.56053280830383,4.76837147544984e-09,-1.1230468999201548e-06
4.412882193330216,328.46374999999995,500.0,0.0,182,3640000,36,0.010475656017661095,0.00022719999999999883,66.63420476869442,55256.001776497884,-0.005198015305888897,416.05933093584554,57.46341300010681,65.02751731872559,122.49093127250671,9.346008411625917e-09,6.83593725625542e-07
4.876354033140693,745.43875,500.0,0.0,183,3660000,36,0.011508096009492874,0.00022679999999999882,60.739268772475974,55694.7092702024,-0.004966996160589498,421.85988198775624,64.1313853263855,67.21648001670837,131.3478672504425,-1.0776520120714395e-08,-8.789062121650204e-06
4.315874702239982,162.84,500.0,0.0,184,3680000,36,0.016165442764759064,0.00022639999999999884,94.11540686174365,55970.945149609586,-0.005441406405179434,427.987977079013,62.683178663253784,69.941246509552,132.62442588806152,-3.852844088214624e-08,-9.765625463842298e-07
4.5097478095181245,78.7225,500.0,0.0,185,3700000,36,0.013217669911682606,0.00022599999999999883,137.8362768445406,57338.982723865774,-0.0051134185707800775,434.9741143689411,54.92782163619995,70.05463600158691,124.98245882987976,8.964538444899972e-09,7.324218813664629e-07
4.169562427435979,1189.1275,500.0,0.0,186,3720000,36,0.011135619133710861,0.00022559999999999884,93.896932526603,39602.597571403116,-0.004906417559867875,439.6476275058431,60.56554293632507,61.87339448928833,122.43893837928772,-1.5830993405074878e-08,4.39453117451194e-07
4.4168546621823275,37.241249999999994,500.0,0.0,187,3740000,36,0.011864660307765007,0.00022519999999999886,143.13916137957344,29851.51732891436,-0.00549436393998311,440.3184244293332,62.57444405555725,60.89147424697876,123.4659194946289,-2.403259280470138e-08,-1.8066406255456968e-06
4.176500386957336,117.71125000000002,500.0,0.0,188,3760000,36,0.015435546636581421,0.00022479999999999888,119.07138933456659,30089.29772715218,-0.0047809778039840725,445.0138446996091,64.28502750396729,64.6618402004242,128.9468686580658,-2.479553229406406e-09,-8.203124707506504e-06
4.387016387596168,946.66875,500.0,0.0,189,3780000,36,0.012809074483811855,0.00022439999999999887,120.50220814993672,28721.70206170561,-0.006217533318310339,454.8375486618329,61.559486389160156,62.98946475982666,124.54895210266113,-6.961822673900997e-09,2.050781176876626e-06
4.787093879582416,312.18125,500.0,0.0,190,3800000,36,0.014019737020134926,0.00022399999999999886,190.01335790219102,41291.6543998786,-0.004337711185749183,464.73762813645305,57.53764629364014,66.22028946876526,123.75793862342834,2.8610229740877458e-09,-1.757812469804776e-06
4.528090153924007,876.305,500.0,0.0,191,3820000,36,0.012449819594621658,0.00022359999999999885,134.4584675407342,28904.549847804275,-0.005812161739096197,473.1122531450764,55.66293907165527,70.59381246566772,126.25675415992737,-3.4713746543957313e-08,-3.808593646681402e-06
4.259958119963588,270.03875,500.0,0.0,192,3840000,36,0.009177755564451218,0.00022319999999999884,128.51774991383823,24944.37181323684,-0.005099075387862144,479.4866090746776,59.79110336303711,63.84437394142151,123.63547873497009,-1.440048258416482e-08,-4.882812376649781e-08
4.988568585286188,1775.8412500000002,500.0,0.0,193,3860000,34,0.02030467614531517,0.00022279999999999886,163.5982540670451,45405.237737565665,-0.005844971647787489,485.7868475237414,67.54253911972046,61.48543429374695,129.02797436714172,1.4305114426349519e-08,-8.471679393551312e-06
4.630875636540182,2182.325,500.0,0.0,194,3880000,36,0.011814018711447716,0.00022239999999999887,90.31885686342201,23203.14544679901,-0.005435378718395533,492.7870193281028,62.544819593429565,65.25917649269104,127.80399703979492,5.817413217812373e-09,5.761718966823537e-06
4.776328911913282,126.87875,500.0,0.0,195,3900000,36,0.011895333416759968,0.0002219999999999989,149.79733657786133,35031.253620574265,-0.006107893640882632,495.64301305194675,57.73315143585205,64.5123770236969,122.24552941322327,1.7929076889799944e-08,1.367187451251084e-06
4.525030068346988,2938.08625,500.0,0.0,196,3920000,36,0.015110178850591183,0.0002215999999999989,151.57242905877777,51080.944225003885,-0.006344776786648909,500.81212685841973,58.95268201828003,73.36299276351929,132.3156771659851,-3.051757735406113e-09,5.859375050931703e-06
4.978090861356196,475.91125,500.0,0.0,197,3940000,36,0.012491816654801369,0.0002211999999999989,160.75974104461156,33727.927880820374,-0.005348019441945117,506.9403219984743,59.33576416969299,78.05350232124329,137.38926887512207,3.0708314113780943e-08,-1.8798828023136593e-06
5.239663919945431,1821.1225000000002,500.0,0.0,198,3960000,36,0.012724367901682854,0.0002207999999999989,145.93155389869725,45410.853491661604,-0.0073836967362070115,511.73942032374936,60.3248348236084,71.64239478111267,131.96723079681396,1.525878978725359e-08,-1.4648437627329258e-06
5.203611101185041,2228.9575,500.0,0.0,199,3980000,36,0.012918355874717236,0.00022039999999999888,144.76867370026562,68468.73048526004,-0.0057983093358896,517.3251566807344,61.92522621154785,69.304039478302,131.2292664051056,7.057189943537878e-09,-1.0058593943540473e-05
4.8271180994721306,2860.2287499999998,500.0,0.0,200,4000000,36,0.013647858053445816,0.00021999999999999887,130.96309431707093,76775.59059467526,-0.006097088863992654,526.1971219637988,61.82036328315735,69.60365724563599,131.42402172088623,2.4986267277427032e-08,-5.859375278305379e-07
8.89932962820363,1749.11,500.0,0.0,201,4020000,36,0.012966061010956764,0.00021959999999999886,81.97012246852654,351512.0886179335,-0.0071840958068199205,531.4148121198357,61.129966259002686,72.92798590660095,134.0579538345337,-1.0156631446989195e-07,-1.7968750398722477e-05
10.11300218714663,4552.6137499999995,500.0,0.0,202,4040000,3,0.021048761904239655,0.00021919999999999885,162.31937135852817,335405.70817941293,0.0006652789218182635,533.180010940828,62.0103554725647,5.8839123249053955,67.89426946640015,2.4604798198879507e-08,-1.1718750101863407e-05
9.623608903929405,3002.77,500.0,0.0,203,4060000,32,0.02095481939613819,0.00021879999999999887,106.52465552700976,186332.35245257977,-0.006287324012136466,537.2081672680645,56.876800537109375,60.941415786743164,117.81821823120117,1.7213821479344915e-08,-2.83203121398401e-06
9.880399749066262,4745.4175000000005,500.0,0.0,204,4080000,10,0.022121792659163475,0.00021839999999999888,170.13959574775575,340176.0319638578,-0.0019465399180024195,537.8181238728971,59.51407289505005,27.372466564178467,86.8865418434143,-4.959106547630654e-08,2.5390625069121597e-06
9.58112766571261,4468.29875,500.0,0.0,205,4100000,6,0.020038161426782608,0.00021799999999999888,183.8439517899697,176685.754297291,-2.458223976845495e-05,538.7343073998269,58.48565459251404,11.12661623954773,69.61227178573608,3.433227391269611e-08,-3.515624939609552e-06
9.12634958998432,1354.85875,500.0,0.0,206,4120000,8,0.022288942709565163,0.0002175999999999989,155.3428538005573,127716.27064002283,0.00011440336677474908,540.3322369267765,68.58405137062073,14.750606060028076,83.33465838432312,-5.340575981449547e-09,3.7109375625732355e-06
9.153629701505755,5182.315,500.0,0.0,207,4140000,36,0.01477113924920559,0.00021719999999999888,126.71393712920249,206468.9839025788,-0.004083770809131107,543.7076141173254,61.704527616500854,73.88071203231812,135.58524084091187,5.226135257885289e-08,-2.148437488358468e-06
9.675142834091186,8134.9175000000005,500.0,0.0,208,4160000,27,0.020175708457827568,0.00021679999999999887,113.5629807502585,210305.1747143228,-0.0050323177632931836,550.4059954376817,64.87192606925964,55.35715293884277,120.22907996177673,4.634857120322522e-08,-1.367187451251084e-06
8.422418984640197,9107.685,500.0,0.0,209,4180000,19,0.020106783136725426,0.0002163999999999989,140.5973824189454,227571.9480725576,-0.002845342207213916,553.1765072368585,66.52188205718994,37.977290868759155,104.49917554855347,-2.880096516832964e-08,-2.3437501113221515e-06
8.153561925574241,12301.921250000001,500.0,0.0,210,4200000,16,0.020595494657754898,0.00021599999999999888,105.20443902190881,453661.91428636055,-0.00358886383086132,557.0664219475402,68.8467149734497,31.122793197631836,99.96950936317444,3.051757957450718e-08,3.906249901319825e-07
8.37007526459729,17623.888750000002,500.0,0.0,211,4220000,22,0.02062547393143177,0.00021559999999999887,110.73552039720069,533918.0446705725,-0.006695673530067921,559.1616248608051,73.15512442588806,43.907594442367554,117.06272149085999,-8.01086397217432e-09,2.9296875254658516e-06
9.206586020913779,17496.752500000002,500.0,0.0,212,4240000,36,0.01662328466773033,0.00021519999999999886,60.83432096245021,378844.6252170139,-0.007508935995275892,565.292189733839,62.6854043006897,76.18170285224915,138.8671088218689,-1.9073485846288207e-10,1.1425780940044206e-05
9.732964652909223,17667.94875,500.0,0.0,213,4260000,31,0.021033568307757378,0.00021479999999999888,93.26535433832424,404000.2206980927,-0.0076562122106583795,572.8009390934686,64.40043449401855,65.34846591949463,129.74890184402466,1.5449524326527353e-08,7.81249980263965e-07
8.329831666074117,25848.385,500.0,0.0,214,4280000,17,0.02077373117208481,0.00021439999999999887,107.14658224840313,564711.9076947472,-0.0050124107305015795,577.3034295747209,62.927410364151,37.62072420120239,100.54813575744629,1.1825561863076928e-08,-3.12499992105586e-06
8.47465349966772,19180.285,500.0,0.0,215,4300000,36,0.01612824574112892,0.00021399999999999886,77.37363231474092,481248.3905449198,-0.0062583631561349325,581.8496676801493,64.2051043510437,73.22940397262573,137.43450927734375,-4.177093515522756e-08,-6.83593725625542e-07
9.76111725397124,17759.32625,500.0,0.0,216,4320000,6,0.02207190915942192,0.00021359999999999885,108.94073694836472,450555.4552694855,-0.0017407838709174366,585.2038939194684,58.10284399986267,11.629669189453125,69.73251461982727,9.536743617033494e-10,3.906250185536919e-06
16.90134795120328,14514.467499999999,500.0,0.0,217,4340000,7,0.022541439160704613,0.00021319999999999884,127.56078968370194,366277.90198717767,7.375967822754725e-05,588.0749127567767,57.43924021720886,12.564250946044922,70.00349187850952,2.07901003079769e-08,-3.906249901319825e-07
9.74082737466819,18738.575,500.0,0.0,218,4360000,36,0.016512427479028702,0.00021279999999999883,67.69100000860846,554772.4108540918,-0.005818582244174747,590.1356790452551,63.76916456222534,71.21782374382019,134.9869899749756,-2.7418137094059603e-08,4.492187599680619e-06
10.26525066398472,21702.68375,500.0,0.0,219,4380000,36,0.01940576173365116,0.00021239999999999885,98.63117854663739,572715.2064405285,-0.007340928811827403,594.3916823252067,65.02810502052307,68.42205691337585,133.45016264915466,5.531310964812519e-09,-7.81249980263965e-07
9.774154135758653,19144.76125,500.0,0.0,220,4400000,18,0.020823553204536438,0.00021199999999999884,108.92957758674987,435981.5121451511,-0.004684936416263993,598.9488483032184,61.04720449447632,34.41195774078369,95.45916390419006,7.534026735811494e-09,1.5136719184738467e-06
9.55392340031348,16776.4175,500.0,0.0,221,4420000,6,0.02376772090792656,0.00021159999999999883,93.14936393112167,624238.4629218251,-0.0013867236742763696,600.5701053119697,70.14817905426025,11.675533771514893,81.82371377944946,6.484985437538171e-09,5.859375278305379e-07
15.204037598462827,18609.5975,500.0,0.0,222,4440000,16,0.020724637433886528,0.00021119999999999882,82.89994489880034,489225.01741198456,-0.006261082464531912,602.1796321320458,60.09767127037048,37.250609397888184,97.34828186035156,-8.392333938900265e-09,4.687500222644303e-06
14.488485296515204,12872.75,500.0,0.0,223,4460000,20,0.021973706781864166,0.0002107999999999988,82.60204760091374,429100.4680099341,-0.006146387212847273,604.9758098175731,62.23177695274353,43.30725455284119,105.53903245925903,-4.768371808516747e-10,1.8554687812866177e-06
16.410659612088836,22885.577500000003,500.0,0.0,224,4480000,23,0.020188767462968826,0.0002103999999999988,63.270338746802246,540856.7262499566,-0.006074577165750215,609.6619975294963,57.36156749725342,43.45270562171936,100.8142740726471,-1.5449524326527353e-08,6.24999984211172e-06
11.933894455966575,12840.925,500.0,0.0,225,4500000,25,0.020062807947397232,0.00020999999999999882,69.37988617308986,344924.4546884984,-0.006637780244846028,613.9430194189297,57.03824043273926,49.25970673561096,106.29794812202454,1.831054774470431e-08,3.6132812510913936e-06
13.97027218216805,17726.714999999997,500.0,0.0,226,4520000,33,0.020847797393798828,0.00020959999999999883,58.27049064950152,489602.4879393728,-0.006570188965667708,620.853677179959,63.01668453216553,67.77372813224792,130.79041385650635,6.008148201175345e-09,2.0996094463043846e-06
12.364526217498648,11469.49625,500.0,0.0,227,4540000,22,0.020669827237725258,0.00020919999999999885,64.15239233393119,279617.7230445492,-0.00517563455612143,624.149278306698,56.90824103355408,41.97728419303894,98.88552641868591,1.3923645347801994e-08,7.080077921273187e-06
17.2694448262739,11525.12,500.0,0.0,228,4560000,34,0.022441919893026352,0.00020879999999999887,70.93808067331098,437796.39632910874,-0.006764208963616483,626.9161824593976,60.626599073410034,69.53453874588013,130.16113877296448,3.433227480087453e-09,-4.0039062696450856e-06
10.10515868023981,13358.741249999997,500.0,0.0,229,4580000,24,0.02249220386147499,0.00020839999999999886,62.25368195550003,193847.6145367932,-0.007249606483365747,633.5024353206094,61.77611827850342,48.94066667556763,110.71678614616394,-1.9741058565614367e-08,-1.1718750556610757e-06
9.73555679625417,12755.138750000002,500.0,0.0,230,4600000,36,0.015970410779118538,0.00020799999999999885,54.942353402633046,403690.65517619724,-0.008287824500490338,637.4185282768491,60.412904024124146,70.83965396881104,131.25255942344666,1.916885317143624e-08,-4.296874976716936e-06
9.514691950536092,16011.166249999998,500.0,0.0,231,4620000,36,0.017101136967539787,0.00020759999999999884,50.5880167637474,392451.7500773069,-0.004826943713571264,641.3969026944043,57.19279718399048,70.0726330280304,127.26543092727661,-1.4162063521894197e-08,6.83593725625542e-07
10.94848770041214,9818.026249999999,500.0,0.0,232,4640000,25,0.02137216180562973,0.00020719999999999883,51.716551030436264,189043.29561376796,-0.007167443283089696,645.7172824496431,58.08060002326965,53.92362570762634,112.00422644615173,-3.4809112037237355e-08,-4.0039062696450856e-06
10.111409677364113,12533.285,500.0,0.0,233,4660000,28,0.02121206931769848,0.00020679999999999882,38.22889382607422,281243.3549327772,-0.007690043758168657,648.9979826153713,56.9903302192688,59.076332807540894,116.06666421890259,1.8596649553614952e-08,-6.347656267280399e-07
8.79743456825382,11562.401249999999,500.0,0.0,234,4680000,14,0.021418550983071327,0.0002063999999999988,41.63283469980571,360128.09510051773,-0.004254802245727903,652.6503699828042,58.9516339302063,27.745314121246338,86.69694972038269,2.8610229740877458e-09,4.394531060825102e-06
10.214689085724098,7846.272500000001,500.0,0.0,235,4700000,36,0.015349450521171093,0.0002059999999999988,42.75307255820429,187679.55061250957,-0.006555519929668728,655.3063901306087,58.155468463897705,71.13371396064758,129.2891833782196,-1.1539459165987864e-08,-2.9296876391526894e-07
11.839330615885709,11228.32375,500.0,0.0,236,4720000,10,0.020946970209479332,0.00020559999999999882,79.81954017675723,448202.6661903454,-0.0024977273389566153,658.6330787341816,58.95747494697571,18.04809331893921,77.00556945800781,-6.866454960174906e-09,-4.296874976716936e-06
12.412576344280565,12362.74875,500.0,0.0,237,4740000,20,0.020538846030831337,0.0002051999999999988,61.36324858071324,552767.5076240515,-0.0069826392609754,664.2919428328737,58.02635049819946,38.8683819770813,96.89473366737366,2.1171569386524425e-08,1.56249996052793e-06
9.201465286522888,11604.647500000001,500.0,0.0,238,4760000,5,0.025703420862555504,0.0002047999999999988,53.636120501874736,312166.4844099441,-0.00018274233268853574,667.5733919088833,61.70680856704712,9.414233446121216,71.12104320526123,8.964538444899972e-09,7.324218813664629e-07
10.439400152918404,9064.170000000002,500.0,0.0,239,4780000,20,0.02007172629237175,0.0002043999999999988,54.44325871543762,249921.31220983926,-0.005198707052888854,668.3041274098161,59.14548397064209,44.504841804504395,103.65032720565796,4.768371808516747e-10,-2.83203121398401e-06
10.74857097948915,10232.795,500.0,0.0,240,4800000,27,0.02355031669139862,0.0002039999999999988,43.98718739571536,279451.9704264843,-0.007337238806963396,672.8243764909594,58.71612763404846,53.1706657409668,111.88679480552673,1.1444092340440193e-09,4.394531060825102e-06
9.245918850440498,15150.501250000001,500.0,0.0,241,4820000,19,0.02151365391910076,0.0002035999999999988,56.155649913546014,402574.0745589951,-0.006226915481654739,676.371252624091,56.54861402511597,35.8135769367218,92.3621916770935,-2.6702879907247734e-09,6.054687673895387e-06
9.305632213500974,12802.58125,500.0,0.0,242,4840000,6,0.022311057895421982,0.0002031999999999988,57.48395424224317,385946.15177798853,0.0003062519383705018,675.2949655551118,57.826603412628174,10.986596822738647,68.81320118904114,-5.722046170220096e-10,0.0
10.11265306691663,16003.61375,500.0,0.0,243,4860000,19,0.021356359124183655,0.0002027999999999988,58.52577222911013,410307.59539408,-0.007154663295367783,674.0336244594997,58.05140566825867,36.10057854652405,94.15198516845703,1.354217538107605e-08,-9.765624781721272e-06
9.083979333404162,16184.920000000002,500.0,0.0,244,4880000,16,0.02048906497657299,0.0002023999999999988,72.03018857457768,326478.3685150634,-0.002872832790247727,676.0069362043192,58.70965266227722,32.911903858184814,91.62155747413635,-2.956390465769232e-09,6.24999984211172e-06
9.164989212321789,4904.9800000000005,500.0,0.0,245,4900000,13,0.02127394825220108,0.0002019999999999988,49.468071909904715,205182.60124161918,-0.003014340991020188,676.1022718218159,59.07154655456543,25.272377490997314,84.34392499923706,4.482269222449986e-09,1.8554687812866177e-06
10.580974648189331,11773.592499999999,500.0,0.0,246,4920000,13,0.0256966482847929,0.0002015999999999988,64.19498152884022,281230.92325980356,-0.004804191683601239,678.3949764511398,58.38035321235657,28.821866273880005,87.20222067832947,-2.6702879907247734e-09,-1.0742187441792339e-05
9.721229583584527,17029.26125,500.0,0.0,247,4940000,18,0.024447951465845108,0.0002011999999999988,67.79993112907368,405123.6187925708,-0.004266042047337935,680.3176259672891,57.98078751564026,38.81730389595032,96.79809260368347,1.125335735707722e-08,3.906249901319825e-07
17.346555676990835,18377.011250000003,500.0,0.0,248,4960000,12,0.02591419592499733,0.00020079999999999878,92.9289334112336,412763.59506872337,-0.003676696531216716,686.2529561263177,62.05455231666565,22.837103366851807,84.89165663719177,-7.629394338515283e-10,-6.347656380967237e-06
9.440934819878894,16109.50625,500.0,0.0,249,4980000,36,0.01750306598842144,0.00020039999999999877,58.7486123230426,302085.47452340147,-0.004148897815190413,693.3755479784861,60.80592608451843,74.70988345146179,135.51581072807312,1.0871887390351276e-08,1.4648437627329258e-06
8.848264993648154,13452.023749999998,500.0,0.0,250,5000000,3,0.02270345389842987,0.00019999999999999876,82.16294384104248,292490.00344656885,0.0019274062513749692,695.2858354367387,63.88339877128601,7.541185617446899,71.4245855808258,-6.103515470812226e-09,1.9531249506599124e-07
360.0062752855307,4368.110000000001,500.0,0.0,251,5020000,22,0.020299995318055153,0.00019959999999999875,37.412784615887,396056.8749900727,-0.0017820183156480708,694.5501379788078,56.44969606399536,50.72366952896118,107.17336821556091,7.1525572131747595e-09,-2.734374902502168e-06
477.23816047490817,0.0,500.0,0.0,252,5040000,27,0.021009787917137146,0.00019919999999999874,33.171430500650274,313010.1350605235,-0.0008204312211094545,696.300487933138,54.62014055252075,58.71767497062683,113.33781695365906,-7.486343100993054e-09,-1.757812469804776e-06
470.9103543156945,0.0,500.0,0.0,253,5060000,36,0.013157165609300137,0.00019879999999999873,31.558570472492494,355143.3505302974,-0.0013443725147445904,700.6560856958293,54.2710645198822,77.07517623901367,131.34624242782593,1.59740443095302e-09,1.367187451251084e-06
468.5377838668895,0.0,500.0,0.0,254,5080000,17,0.024307971820235252,0.00019839999999999872,57.55648098267955,347550.03026077396,-0.0006349760352209801,703.3745512579688,52.792850732803345,39.905566692352295,92.6984190940857,-5.722046170220096e-10,-5.859375278305379e-07
461.0940776731255,0.0,500.0,0.0,255,5100000,18,0.023446492850780487,0.00019799999999999871,23.42976289037529,242285.0404207435,8.626662728330071e-06,709.7806764710317,54.144145488739014,38.279489517211914,92.4236364364624,3.8146971692576415e-10,4.882812731921149e-07
474.588740345452,0.0,500.0,0.0,256,5120000,32,0.021845340728759766,0.0001975999999999987,22.738689087355098,314556.85673898325,-0.0013202751044341298,716.2573889162594,53.70962905883789,66.3334527015686,120.04308319091797,-5.149841442175784e-09,2.5390625069121597e-06
466.24767500805257,0.0,500.0,0.0,257,5140000,34,0.02050809934735298,0.00019719999999999872,19.036540017363677,204785.07522339257,-0.0002664902683395071,723.4054009391499,55.16411256790161,67.74753546714783,122.91164898872375,2.9373168786150927e-08,-9.765624753299562e-08
460.4933224666271,0.0,500.0,0.0,258,5160000,9,0.020451270043849945,0.00019679999999999874,25.434994660669666,173221.63769045915,0.000654701484483956,731.5800677249733,55.185789346694946,18.944456815719604,74.13024687767029,6.771087690538025e-09,-9.765625463842298e-07
463.9253065579355,0.0,500.0,0.0,259,5180000,36,0.00605985801666975,0.00019639999999999873,22.417024186455617,143891.67471897395,-4.08793289244458e-05,737.4729849450081,57.00275897979736,77.78308463096619,134.78584575653076,-8.392333938900265e-09,-2.050781176876626e-06
470.0124397346552,0.0,500.0,0.0,260,5200000,13,0.020982667803764343,0.00019599999999999872,23.786417321978345,184925.83318133294,-0.0006466430536262795,747.1188150041664,53.42999863624573,28.06109881401062,81.49109840393066,-6.43730180271973e-09,-1.6601562720097718e-06
463.8141361925953,0.0,500.0,0.0,261,5220000,23,0.021710727363824844,0.0001955999999999987,31.463396172537408,212494.70684594865,-0.0010369113363583814,751.2274543814136,58.10011291503906,51.87382483482361,109.97394061088562,-3.8146971692576415e-10,-1.1718750556610757e-06
454.58564012656177,0.0,500.0,0.0,262,5240000,17,0.029942331835627556,0.00019519999999999873,32.4752969096599,214106.48571917287,0.0009857306320862934,755.6414993592972,53.601977825164795,39.08769512176514,92.68967509269714,2.4318695945879654e-09,6.83593725625542e-07
457.9987440298355,0.0,500.0,0.0,263,5260000,36,0.013321751728653908,0.00019479999999999874,18.73813342091713,182143.13672863002,-0.0010078169632877297,763.1583470407851,54.52269911766052,73.62634038925171,128.14904046058655,-5.674362313357051e-09,3.906249901319825e-07
454.0127407563656,0.0,500.0,0.0,264,5280000,10,0.021189825609326363,0.00019439999999999876,33.89543129308536,210326.57870126548,0.0017361176408494051,766.0007384863906,53.655597448349,23.203051567077637,76.85865259170532,1.8119812317252126e-09,1.1718750556610757e-06
459.73393935905267,0.0,500.0,0.0,265,5300000,14,0.020877495408058167,0.00019399999999999875,19.96749251207659,233067.69948796212,-0.00027397041603717114,766.3924716129416,55.767353534698486,29.607898712158203,85.37525463104248,1.0871887390351276e-08,1.6601562720097718e-06
455.779952407383,0.0,500.0,0.0,266,5320000,2,0.02183304913341999,0.00019359999999999877,30.710951032729955,177786.3864036292,0.0031548736236852626,768.376346088446,54.04417419433594,4.3919947147369385,58.436171531677246,-1.9073485846288207e-10,3.6132812510913936e-06
468.7330350490276,0.0,500.0,0.0,267,5340000,1,0.026821594685316086,0.00019319999999999876,37.70394107404228,244506.159376248,0.0015540179058599968,769.3338972097769,56.284510135650635,2.0580670833587646,58.34257960319519,-9.536743617033494e-10,-1.56249996052793e-06
454.6678790652469,0.0,500.0,0.0,268,5360000,28,0.02149384096264839,0.00019279999999999875,35.298285830135164,192170.86072551773,0.0002984871310441207,769.8614656351734,57.3909125328064,60.494112491607666,117.88502860069275,-1.1444092340440193e-09,-3.906249901319825e-07
460.1470501166676,0.0,500.0,0.0,269,5380000,12,0.026561656966805458,0.00019239999999999877,43.49185223523547,187009.85860513803,3.4454841043004676e-05,773.6691060904116,60.45745873451233,24.012132167816162,84.46959185600281,2.6702879907247734e-09,4.882812731921149e-07
462.6110344894029,0.0,500.0,0.0,270,5400000,36,0.008082137443125248,0.00019199999999999879,35.98658418799276,145779.6055462302,7.127499589747771e-05,777.90499869263,57.60687565803528,74.9469006061554,132.55377745628357,-2.0980834847250662e-09,-2.734374902502168e-06
473.13454774729905,0.0,500.0,0.0,271,5420000,10,0.04021892696619034,0.0001915999999999988,40.763534000811106,176251.90401638628,0.0009383830720909868,784.0234164594461,56.84802436828613,19.520467519760132,76.36849308013916,1.3351439953623867e-09,-1.4648437627329258e-06
472.45519284376115,0.0,500.0,0.0,272,5440000,27,0.020602010190486908,0.00019119999999999882,33.07832997858898,136453.73647511203,-0.00043798937922256113,786.9066393437745,56.41485834121704,56.305031538009644,112.71989154815674,2.479553229406406e-09,9.765624753299562e-08
457.8588815692092,0.0,500.0,0.0,273,5460000,36,0.009688097052276134,0.00019079999999999884,23.39979329462969,121655.11032079575,-0.00011260182078349853,792.6523387666539,53.571303606033325,76.46182060241699,130.0331256389618,2.861023085110048e-10,0.0
459.7566192630593,0.0,500.0,0.0,274,5480000,4,0.02110969088971615,0.00019039999999999883,25.644509885257808,109825.7939866526,0.0014542778608011315,797.8515178936358,61.01733875274658,10.421926498413086,71.4392659664154,-1.7356873271978657e-08,-1.6113281162688509e-06
453.83379542807563,0.0,500.0,0.0,275,5500000,29,0.03663275018334389,0.00018999999999999884,24.1483329492636,116149.7823275862,-0.001373006776875564,799.4313517687433,58.50839948654175,63.77241587638855,122.28081631660461,-5.102157807357344e-09,1.9531249506599124e-07
469.98923684657103,0.0,500.0,0.0,276,5520000,20,0.0214577354490757,0.00018959999999999886,22.99681247598447,130021.31434330072,-8.550446484975827e-05,801.3386824830271,52.16508197784424,41.03996014595032,93.20504307746887,2.164840751106567e-08,-3.906249901319825e-07
