Metrics/EpRet,Metrics/EpCost,Metrics/EpLen,Metrics/EpSuccess,Train/Epoch,Train/TotalSteps,Train/StopIter,Train/KL,Train/LagragianMultiplier,Train/LR,Loss/Loss_reward_critic,Loss/Loss_cost_critic,Loss/Loss_actor,Time/Rollout,Time/Update,Time/Total,Value/RewardAdv,Value/CostAdv
285.31498037342664,342.0637426900584,492.5766814171381,0.0,1,20000,40,0.008250040002167225,0.0,0.00029959999999999996,5.5842784425314465,57511.88422151932,-0.00416946152057145,60.803075075149536,33.68498229980469,94.48806095123291,1.563072231647311e-07,2.2460937998403097e-06
293.5155593742305,1179.8925,500.0,0.0,2,40000,1,0.42497220635414124,17.794583750000005,0.00029919999999999995,13.983598438999321,11069.94861675214,0.8504079459588739,64.15086841583252,0.7411651611328125,64.89203572273254,-1.2187958020604128e-07,-3.41796862812771e-07
298.509939658612,39.5475,500.0,0.0,3,60000,1,0.05491304770112038,17.720287062500002,0.00029879999999999994,10.742882423763033,104.3607609422901,0.1506299725438975,63.98230242729187,0.8291738033294678,64.81147718429565,-7.190704565118722e-08,9.002685885661776e-08
304.4972929016452,1192.9275,500.0,0.0,4,80000,1,0.32604631781578064,35.53436895937501,0.00029839999999999993,21.567050245743765,64187.353265883045,5.340499340733396,66.07160806655884,1.0334429740905762,67.10505223274231,1.6345977371656772e-07,1.2939452744831215e-06
312.50684630044213,2.25,500.0,0.0,5,100000,40,0.010728612542152405,34.58620926140625,0.0002979999999999999,1.0730217255463328,15.567589588859413,-0.01544948870174681,59.91916036605835,32.13682818412781,92.05598950386047,9.155273872352154e-09,2.1362303925798187e-08
317.59387782903525,0.0,500.0,0.0,6,120000,40,0.010066165588796139,33.639207548335946,0.0002975999999999999,0.4820374175293159,11.315589369248741,-0.0285998654616643,62.12636661529541,30.765088081359863,92.89145636558533,7.954597549542086e-07,7.019043124500968e-08
317.5722160334223,0.0,500.0,0.0,7,140000,40,0.0065888590179383755,32.72705592091914,0.0002971999999999999,0.24259711208081322,2.118723882451842,-0.02082809652290248,66.70657992362976,32.706674337387085,99.41325640678406,-8.215904472308466e-07,-3.7956237264324955e-08
317.6448280138041,0.0,500.0,0.0,8,160000,40,0.008209003135561943,31.848011874873187,0.0002967999999999999,0.24072285429397716,1.2282391173741485,-0.014527786685274678,66.41754937171936,39.48088526725769,105.8984363079071,-4.2629241647773597e-07,2.5939941750152684e-08
319.5395173282086,0.0,500.0,0.0,9,180000,40,0.007493294309824705,31.00042003112953,0.0002963999999999999,0.12396398412558851,0.8472225911255125,-0.012803309893860375,72.03399109840393,35.331284046173096,107.36527705192566,5.432128773463774e-07,-3.452301200468355e-08
319.2633880381108,0.0,500.0,0.0,10,200000,40,0.007267760578542948,30.182707779573054,0.0002959999999999999,3.3240894020263907,0.6389425971368445,-0.007874619746595457,64.16398549079895,34.17921853065491,98.34320545196533,-8.258819406137263e-08,-4.1103362491412554e-08
320.06097567423654,0.0,500.0,0.0,11,220000,40,0.006914830766618252,29.393381140594396,0.00029559999999999987,0.1946646583844212,0.49437216703273074,-0.0058424444636330005,64.03813195228577,33.50670099258423,97.54483366012573,-3.931045569061098e-07,-6.008148201175345e-09
319.11467620738443,0.0,500.0,0.0,12,240000,40,0.007594474125653505,28.04107458356468,0.00029519999999999986,0.1298178898877924,0.4090855027207091,-0.006201636158497238,65.63229513168335,32.98126482963562,98.61356115341187,-5.25474547430349e-07,-4.0531160649948106e-09
318.48734870794095,0.0,500.0,0.0,13,260000,40,0.008319702930748463,27.314055854386446,0.00029479999999999985,0.5544056783041245,0.4176716820725912,-0.00448163561180346,65.96294403076172,34.97540283203125,100.93834781646729,-3.5989284441484415e-08,6.580352707175052e-09
319.25927840376835,0.0,500.0,0.0,14,280000,40,0.00975748710334301,26.49400873597364,0.00029439999999999984,0.2687674512143565,0.6421254501972772,-0.00636010228934745,70.15786671638489,34.2943594455719,104.45222735404968,-2.2039412783669832e-07,3.910064805268121e-08
318.8617326541826,0.0,500.0,0.0,15,300000,40,0.008664741180837154,25.83911704917496,0.00029399999999999983,0.1246138241755057,2.206371792019168,-0.010907439416115279,74.17448353767395,28.96066188812256,103.1351466178894,1.6202926644837135e-07,3.8146971692576415e-10
317.8844885270711,0.0,500.0,0.0,16,320000,40,0.009027314372360706,25.20446994671621,0.0002935999999999998,0.10359094188183168,1.1419972978720936,-0.01162160294295489,74.60983777046204,34.04270553588867,108.65254545211792,1.386642480838418e-07,3.204345588869728e-08
317.43812692543315,0.0,500.0,0.0,17,340000,40,0.008190281689167023,24.5890551993804,0.0002931999999999998,0.09695577957914978,0.62738895164449,-0.008336615965398076,65.93087863922119,33.24500250816345,99.17588210105896,-9.279251145244416e-08,-5.722046170220096e-10
318.3293236013279,0.0,500.0,0.0,18,360000,40,0.010167296975851059,23.99191118941138,0.0002927999999999998,0.22099091327171536,0.35237451701224604,-0.006189722458528402,71.61070156097412,34.08303117752075,105.69373631477356,-3.814697446813398e-09,1.8215178698710588e-08
317.00437609350126,0.0,500.0,0.0,19,380000,40,0.009624493308365345,23.41212437994081,0.0002923999999999998,0.11399634300813645,0.2764498909251599,-0.0048005737710222485,65.40890574455261,33.70888686180115,99.11779570579529,-3.280639759850601e-08,-9.775162013170302e-09
316.630037990562,0.0,500.0,0.0,20,400000,40,0.009234780445694923,22.84882691094377,0.0002919999999999998,0.11246048022957543,0.209300055180358,-0.003717533594418812,66.94017338752747,35.5369188785553,102.4770941734314,6.484985703991697e-08,-5.376338929607982e-09
318.7637653478745,0.0,500.0,0.0,21,420000,40,0.010365922935307026,22.301194315396582,0.00029159999999999977,0.11307417508214712,0.15858245934772341,-0.0025237119736100542,64.43878936767578,32.88374900817871,97.32253980636597,-5.531310875994677e-08,2.083778305461692e-08
318.1355485654608,0.0,500.0,0.0,22,440000,40,0.009609080851078033,21.76844334962675,0.00029119999999999976,0.11207229365134919,0.12459773363757737,-0.0017809522808109458,65.85176205635071,32.523977756500244,98.37574219703674,-4.692077482104651e-08,-2.9325484263154067e-09
318.5774617650224,0.0,500.0,0.0,23,460000,40,0.010332757607102394,21.249829932145413,0.00029079999999999975,0.092818651992026,0.10101837337818705,-0.0018972615105644476,66.0956244468689,35.454018354415894,101.5496461391449,-7.68661507777324e-08,-1.59740443095302e-09
318.38068933750566,0.0,500.0,0.0,24,480000,40,0.009591774083673954,20.744647185538142,0.00029039999999999974,0.09082612127442903,0.09595052508660887,-0.0020838808529137906,71.93338370323181,34.43205785751343,106.36544394493103,4.1961669694501325e-08,-6.055831835993786e-09
318.6551277505954,13.275,500.0,0.0,25,500000,1,0.45903271436691284,20.45134857626124,0.00028999999999999973,0.20204399790190444,9.731852581795257,0.20754758044605767,69.20894527435303,1.0230293273925781,70.23197603225708,-3.0899048653054706e-08,-9.346008411625917e-09
318.4818937117012,0.0,500.0,0.0,26,520000,40,0.012407106347382069,19.967727397448176,0.0002895999999999997,0.09161784189364201,0.39998900941749915,-0.005508348906244729,73.23641157150269,31.73731303215027,104.97372603416443,-5.111694179049664e-08,9.346008411625917e-09
319.02569531654626,0.0,500.0,0.0,27,540000,40,0.01309144776314497,19.495787277575765,0.0002891999999999997,0.08750458459216583,0.11482575570905133,-0.0029027115482884117,68.61142802238464,34.20377588272095,102.81520509719849,1.1551379941465711e-07,-6.055831835993786e-09
319.0921221065607,0.0,500.0,0.0,28,560000,40,0.011749467812478542,19.034944163696977,0.0002887999999999997,4.789965230896126,0.10301386819728002,-0.0016452061944630858,66.1552050113678,32.051167488098145,98.20637369155884,-1.0871887390351276e-08,-7.152557435219364e-10
317.78186001281625,0.0,500.0,0.0,29,580000,40,0.015169062651693821,18.58464320551213,0.0002883999999999997,1.2626178875376906,0.06806236455995071,-0.0017008811702931158,63.38333344459534,35.38088822364807,98.76422262191772,2.8610229740877458e-09,-7.629394893626795e-09
318.6594433368065,0.0,500.0,0.0,30,600000,40,0.012260443530976772,18.14435729523652,0.0002879999999999997,0.3354482156566427,0.03733421639786868,-0.0010109068913797146,67.62885642051697,32.21704840660095,99.8459062576294,-1.354217538107605e-08,2.80141820852009e-09
317.9465692443093,0.0,500.0,0.0,31,620000,40,0.012298769317567348,17.713585680474697,0.00028759999999999967,0.13975953080373096,0.02028901420468818,-0.0009360014413871369,68.52358412742615,32.9108247756958,101.43440985679626,-1.0967254659988157e-08,4.148483334631692e-09
316.4704875152173,0.0,500.0,0.0,32,640000,40,0.011795217171311378,17.291852646450963,0.00028719999999999966,0.11801173081739416,0.010967127566927266,-0.0007903817048654789,83.86168050765991,40.840275287628174,124.7019579410553,-2.2125243859250077e-08,-6.43730180271973e-10
318.4675829017776,0.0,500.0,0.0,33,660000,40,0.009958483278751373,16.878706264128414,0.00028679999999999965,0.10149350560777172,0.003926064767079027,-0.0006708483677933065,91.48896408081055,45.12911105155945,136.61807656288147,-1.00135799652179e-09,4.1723252630632146e-10
318.1914033036875,0.0,500.0,0.0,34,680000,40,0.011668920516967773,16.473717200921993,0.00028639999999999964,0.10537688003829386,0.0017435187332058043,-0.0005075579265486582,83.50921750068665,43.973281383514404,127.48250031471252,5.0735472711949114e-08,-3.0755997748599384e-09
317.8344034957935,0.0,500.0,0.0,35,700000,40,0.012894030660390854,16.076477590875893,0.00028599999999999963,0.09422125833556999,0.0006956507228211724,-0.0004709314474871174,80.24251365661621,42.93227696418762,123.17479133605957,1.2397766369076635e-08,-2.98023217215615e-10
318.86689669664247,0.0,500.0,0.0,36,720000,40,0.011611958034336567,15.686599961332098,0.0002855999999999996,0.10582997779114336,0.0002607889875642148,-0.0005318569299284903,87.70904994010925,43.80191659927368,131.51096725463867,-2.9373168786150927e-08,-1.2233852819676372e-09
318.9983436980677,0.0,500.0,0.0,37,740000,40,0.0136001817882061,15.303716213265492,0.0002851999999999996,0.10485948940526836,0.00017882148274997857,-0.000520913637235567,81.19866871833801,40.07117772102356,121.26984786987305,6.103515470812226e-09,2.861023085110048e-10
319.28258039623006,0.0,500.0,0.0,38,760000,40,0.011821773834526539,14.927476652602218,0.0002847999999999996,0.09021928993442768,0.00011775206427806045,-0.0005027404893944895,70.95106029510498,40.10812473297119,111.05918574333191,2.4604798198879507e-08,-7.465481566271137e-10
318.7912505387386,0.0,500.0,0.0,39,780000,40,0.01161793153733015,14.557549069972108,0.0002843999999999996,0.08699342561532047,3.752687831146881e-05,-0.0006837638944834678,89.8240716457367,46.41767597198486,136.24174904823303,-1.1825561863076928e-08,5.804002278786413e-10
319.67722533373956,0.0,500.0,0.0,40,800000,40,0.01689378172159195,14.193617866473502,0.0002839999999999996,0.08487182506419058,7.0674817676216994e-06,-0.0007145979638613725,80.92074728012085,46.484147787094116,127.40489602088928,-4.673004205812958e-09,5.88968374071186e-10
319.06429617182096,0.0,500.0,0.0,41,820000,40,0.014030219987034798,13.835383223149826,0.0002835999999999996,0.08527267591768428,4.914053396866701e-06,-0.0005670841709420356,80.37643837928772,41.44645857810974,121.82289791107178,9.536743617033494e-10,1.0967254882032762e-09
319.79254700501144,0.0,500.0,0.0,42,840000,40,0.013104175217449665,13.482560311992335,0.00028319999999999957,0.08698536071077555,3.4426322228475467e-06,-0.000771589578892682,81.82460403442383,40.62743020057678,122.45203590393066,1.907348723406699e-09,-2.7976929106721116e-10
319.39580244203046,0.0,500.0,0.0,43,860000,40,0.0128798708319664,13.134878546392718,0.00028279999999999956,0.08392138249842049,2.398524374763803e-06,-0.0008038946177996106,82.43681502342224,47.320188760757446,129.75700616836548,-1.196861276753225e-08,-4.1015446594627747e-10
317.92299565777427,0.0,500.0,0.0,44,880000,40,0.01730741187930107,12.792080869073082,0.00028239999999999955,0.08610755523690317,1.6706622765284436e-06,-0.000764738540118155,79.52621603012085,39.49091935157776,119.01713871955872,5.340575981449547e-09,-5.180016415806676e-10
318.5460477081905,0.1,500.0,0.0,45,900000,40,0.012986346147954464,12.455423075619429,0.00028199999999999954,0.09841399550720861,0.006372797633952887,-0.000927225375376053,72.06950688362122,31.734500646591187,103.80400848388672,-4.863739189175931e-09,6.914138706015649e-10
319.05062518724696,0.0,500.0,0.0,46,920000,40,0.015681931748986244,12.121648171838457,0.0002815999999999995,0.09895716004450865,6.429324105139833e-07,-0.0008826251167814502,65.17815446853638,33.197537422180176,98.37569284439087,-3.814697446813398e-09,-2.1671876793138978e-10
318.00846557750447,0.0,500.0,0.0,47,940000,40,0.01801806502044201,11.792062013246532,0.0002811999999999995,0.09128385637238433,4.2519813781624016e-07,-0.0009033072539059964,67.30934500694275,36.779324531555176,104.08867168426514,8.106232129989621e-09,3.18884862959834e-10
319.57267579496676,685.1212499999999,500.0,0.0,48,960000,40,0.009479544125497341,22.003916926335428,0.0002807999999999995,0.3304632667074852,34140.75572668208,-0.33979805015687703,64.90234065055847,37.04573631286621,101.94807982444763,1.5735626135437997e-09,-1.5136719184738467e-06
318.45057425221177,121.8975,500.0,0.0,49,980000,40,0.01506795920431614,23.387189205018654,0.0002803999999999995,0.16891768068971136,22.99520118500613,-0.0566897134065239,67.74364972114563,33.79189920425415,101.5355498790741,-1.3351439953623867e-09,1.2207030941624453e-08
319.2082899910003,224.60125,500.0,0.0,50,1000000,40,0.010912491008639336,26.34165474476772,0.0002799999999999995,2.8288692261316353,19308.74254161044,-0.925472498392757,82.54541540145874,35.88368082046509,118.42909693717957,7.152557435219364e-10,7.01904298239242e-07
79.55682746587523,267.63,500.0,0.0,51,1020000,1,0.14193488657474518,29.91514325752934,0.0002795999999999995,35.28934197108957,587.6365550318851,0.30204364591384236,72.03786993026733,0.7766885757446289,72.81456184387207,2.1915435866048938e-07,-1.2435913276931387e-07
0.21649384278614042,0.0,500.0,0.0,52,1040000,1,0.027879517525434494,29.283007344652873,0.00027919999999999947,12.808847095392927,52.75672115857088,0.0160299787840134,92.44615292549133,0.9577205181121826,93.4038758277893,-6.652832098552608e-07,-7.781982702681489e-08
0.21554771835410674,0.0,500.0,0.0,53,1060000,2,0.030518170446157455,28.66997822742023,0.00027879999999999946,5.912436128417148,30.418064250221736,0.03125552770599157,71.54832339286804,1.8335363864898682,73.3818609714508,3.8642883737338707e-07,3.356933575560106e-08
0.33479604402325425,0.0,500.0,0.0,54,1080000,1,0.05671042576432228,28.075100566049215,0.00027839999999999945,8.510095493702948,20.376838376250447,0.04874299322785456,80.55789089202881,1.637406349182129,82.19529962539673,6.179809730610941e-08,-2.410888555459678e-07
0.32631985788774376,0.0,500.0,0.0,55,1100000,40,0.013113796710968018,27.497416787746754,0.00027799999999999944,5.180170819031287,7.868578917052172,0.00312045539377104,76.97213864326477,35.2949104309082,112.26705026626587,-2.685546860448085e-07,5.912780665084938e-08
0.4645325089353548,0.0,500.0,0.0,56,1120000,40,0.006170634180307388,26.936167198359417,0.00027759999999999943,1.6379922262947015,1.326887957921511,-0.006166183534137244,90.18001461029053,35.696797132492065,125.8768138885498,1.0299682884351569e-07,-4.653930574249898e-08
0.5171050147364792,0.0,500.0,0.0,57,1140000,8,0.02560851350426674,26.390480088441446,0.0002771999999999994,1.038854438764385,2.584407992566688,0.0027668947601525843,81.99307489395142,8.549525737762451,90.5426037311554,1.457214295896847e-07,1.831054774470431e-08
0.36956062485747687,0.0,500.0,0.0,58,1160000,2,0.026948001235723495,25.517016709019373,0.0002767999999999994,0.6022269075995759,54.37849776352508,0.02689709389417232,91.9806444644928,1.684401035308838,93.66504859924316,-8.201599399626502e-08,0.0
0.3218614893693927,0.0,500.0,0.0,59,1180000,13,0.022981226444244385,24.998461396701693,0.0002763999999999994,0.29970113485471184,8.595598626159996,0.00510259073485186,71.22861862182617,11.609178066253662,82.83779788017273,4.086971330252709e-07,-6.103515470812226e-09
0.41760381211218683,0.0,500.0,0.0,60,1200000,40,0.008189849555492401,24.51215957686661,0.0002759999999999994,0.30810714612090134,1.0256396072763432,-0.00826392487756896,69.61509037017822,43.34420299530029,112.95929431915283,2.574920721087892e-08,-7.20977766377473e-08
0.42524271515814843,0.0,500.0,0.0,61,1220000,40,0.007594079710543156,24.037672848023277,0.0002755999999999994,0.3340653402353578,0.7496045767695089,-0.007060078033496614,71.97753143310547,32.893019676208496,104.87055277824402,-1.6422271187366277e-07,5.755424581366242e-08
0.6613368786849592,0.0,500.0,0.0,62,1240000,40,0.0065467506647109985,23.574410455622115,0.00027519999999999937,0.20862962307196253,0.9151955479685264,-0.004776632947931243,73.96446204185486,35.875062465667725,109.8395254611969,-1.5640258865801115e-08,1.2187958020604128e-07
0.38541367638243307,0.0,500.0,0.0,63,1260000,1,0.021132776513695717,23.121811182841007,0.00027479999999999936,0.378179637880265,2.990592140185682,0.024050896845852272,66.24632930755615,0.8447022438049316,67.09103226661682,-2.0351410512375878e-07,6.866454782539222e-08
0.3257888007820898,0.0,500.0,0.0,64,1280000,40,0.007470811251550913,22.67934187369896,0.00027439999999999935,0.18132135755842246,1.4045167280148856,-0.008242132479127473,84.65766048431396,34.819169759750366,119.47683119773865,-7.68661507777324e-08,-6.179809730610941e-08
0.5043526505919591,0.0,500.0,0.0,65,1300000,40,0.011267071589827538,22.24649603001401,0.00027399999999999934,0.29827116621021604,3.2583641944806785,-0.038927933584701244,70.16726684570312,39.131186723709106,109.29845428466797,1.7929076889799944e-08,-1.1062621929625038e-08
0.3800463816433927,0.0,500.0,0.0,66,1320000,40,0.011311776004731655,21.82279247851331,0.00027359999999999933,0.14401082316814345,1.485264908814732,-0.010388330566325472,74.6834602355957,32.355005979537964,107.03846740722656,-3.414153937342235e-08,3.509521562250484e-08
0.36431063193840574,0.0,500.0,0.0,67,1340000,40,0.011744809336960316,21.407774104587645,0.0002731999999999993,0.08607178274424204,0.7167228630260576,-0.008193601091993572,66.37166094779968,32.67360997200012,99.04527258872986,1.4929771907645772e-07,-1.0871887390351276e-08
0.38668099364153796,0.0,500.0,0.0,68,1360000,40,0.008520711213350296,21.001006649358263,0.0002727999999999993,0.06906853792245818,0.5918428936336614,-0.004438447690188673,81.54922842979431,34.08517122268677,115.63440179824829,-9.536743306171047e-08,1.6307831529616124e-08
0.37941562012837815,0.0,500.0,0.0,69,1380000,40,0.009314190596342087,20.602077566890348,0.0002723999999999993,0.06506023232506801,0.6758047091432765,-0.0056579579184748395,71.33205199241638,53.96344566345215,125.29549932479858,4.148483156996008e-08,1.1787414422315123e-07
0.4082828843376598,0.0,500.0,0.0,70,1400000,40,0.009564590640366077,20.21059493854583,0.0002719999999999993,0.04737271042069114,0.5694122981798799,-0.003590256803082538,65.8189651966095,33.99237370491028,99.81134033203125,5.340575981449547e-09,-3.204345588869728e-08
0.3540916154277128,0.0,500.0,0.0,71,1420000,40,0.006642593536525965,19.82618644161854,0.0002715999999999993,0.04175400234806009,0.4916617322100114,-0.0032901887098438537,80.93500638008118,34.626142501831055,115.56114983558655,-6.885528591737966e-08,-4.768371808516747e-10
0.26248765101459326,0.0,500.0,0.0,72,1440000,40,0.00903172418475151,19.448498369537614,0.0002711999999999993,0.031741900188565444,0.434781315168248,-0.002104209983832633,67.55831527709961,34.46044564247131,102.01876187324524,2.182960514574006e-07,4.538893705330338e-08
0.30077240351593776,0.0,500.0,0.0,73,1460000,40,0.011999435722827911,19.077194701060733,0.00027079999999999926,0.02611175405356703,0.4500908260575578,-0.0033402515314460463,69.91152572631836,40.0310115814209,109.94253849983215,-3.509521562250484e-08,-2.317428560161261e-08
0.3193588515452942,0.0,500.0,0.0,74,1480000,40,0.009062176570296288,18.711956216007696,0.00027039999999999925,0.023202054098224904,0.4094298661603958,-0.002498264238017293,69.10613942146301,33.84183621406555,102.94797682762146,3.767013723177115e-08,-2.9420853309147788e-08
0.3705658430491906,0.0,500.0,0.0,75,1500000,40,0.009575745090842247,18.35247965520731,0.00026999999999999924,0.017635044693663907,0.3898956820463078,-0.0023161827892734066,80.2598397731781,34.43132829666138,114.69117093086243,1.8329620843360317e-07,-3.862381081631838e-09
0.2882064519783515,0.0,500.0,0.0,76,1520000,40,0.010206738486886024,17.998476922446944,0.00026959999999999923,0.012560429616501154,0.3744417195927493,-0.0017434347325514508,67.19777798652649,45.84045934677124,113.03823900222778,1.9836426190522616e-07,-1.2683868177987279e-08
0.3079985538480164,0.0,500.0,0.0,77,1540000,40,0.00997790228575468,17.649674326324597,0.0002691999999999992,0.013488047279099215,0.34178057848652704,-0.0014299900805274809,72.210604429245,31.90904188156128,104.11964726448059,-9.288788049843788e-08,-1.5348195603337444e-08
0.3887873411799424,0.0,500.0,0.0,78,1560000,40,0.008240735158324242,17.30581186000837,0.0002687999999999992,0.009231787558815948,0.3282379041178317,-0.001260457945198463,73.13917589187622,39.60689949989319,112.7460765838623,4.673004205812958e-09,5.9604645663569045e-09
0.3693388084170398,0.0,500.0,0.0,79,1580000,40,0.008642146363854408,16.96664251700795,0.0002683999999999992,0.007905044792001902,0.3066598499311676,-0.0011955862331588729,72.23238348960876,35.05985355377197,107.29223847389221,-3.0708314113780943e-08,4.076957882404031e-09
0.7813647566800999,0.0,500.0,0.0,80,1600000,40,0.011336088180541992,16.631931641157554,0.0002679999999999992,0.007390101065216704,0.29178078997927376,-0.0010968346720859055,72.54923224449158,49.41125154495239,121.96048593521118,1.3675689558567683e-07,5.23328802515266e-09
0.5910621160049553,0.0,500.0,0.0,81,1620000,40,0.011069138534367085,16.301456309099674,0.0002675999999999992,0.0056772811538716664,0.26931684217121027,-0.0008537702550492662,64.49822068214417,34.71809411048889,99.21631646156311,-1.2884140687674517e-07,-3.755092681245742e-09
0.63785045231281,0.0,500.0,0.0,82,1640000,40,0.010312407277524471,15.975004743644691,0.0002671999999999992,0.005421611815956244,0.24738117331002332,-0.000936261263765878,76.47476029396057,34.37127685546875,110.84603810310364,-1.3580321933659434e-07,2.3841859042583735e-10
0.434860710848319,0.0,500.0,0.0,83,1660000,40,0.014875335618853569,15.652375756462456,0.00026679999999999917,0.003713808515509944,0.21425674463374705,-0.000890826614552599,72.44202423095703,40.10285973548889,112.54488563537598,-3.108978319232847e-08,1.78813942819378e-11
0.9305087516424944,0.0,500.0,0.0,84,1680000,40,0.014955860562622547,15.333378218639334,0.00026639999999999916,0.006766287306591845,0.16008784283376948,-0.0008408571119052564,77.5203275680542,35.38694405555725,112.90727281570435,2.4509429152885787e-08,1.1175871339474952e-09
0.7250397565878034,0.0,500.0,0.0,85,1700000,40,0.010396591387689114,15.017830557707367,0.00026599999999999915,0.004292280519752515,0.0827338802970097,-0.0009986397389679317,75.1139178276062,41.79497671127319,116.90889763832092,-2.5177001816700795e-08,1.1682510514532396e-09
0.6596917047435745,0.0,500.0,0.0,86,1720000,40,0.012582163326442242,14.705560279821999,0.00026559999999999914,0.003994748708158378,0.020678089525627233,-0.0010617889610111428,71.14873838424683,34.9510657787323,106.09980583190918,-1.678466787780053e-08,-1.7881393032936899e-09
1.30792205839206,0.0,500.0,0.0,87,1740000,40,0.01223986316472292,14.396403515830897,0.00026519999999999913,0.008885310887642016,0.0051283211047949764,-0.0009676591383221064,75.72248411178589,45.73196482658386,121.45444989204407,1.2588500908350397e-08,-3.993511299427155e-09
1.5940857520922376,0.0,500.0,0.0,88,1760000,40,0.012186631560325623,14.090204590039352,0.0002647999999999991,0.010646489957094052,0.003720176556218368,-0.0008633202699560501,67.27706384658813,33.82457113265991,101.10163640975952,-1.1348724626714102e-08,-1.6093254506799326e-09
1.461505397441001,0.0,500.0,0.0,89,1780000,40,0.013190257363021374,13.786815610537385,0.0002643999999999991,0.00967190237804257,0.0028635215348729133,-0.0009842558560102348,85.48644495010376,36.15432834625244,121.64077472686768,-2.880096516832964e-08,-5.00678998260895e-10
1.7952132566045875,0.0,500.0,0.0,90,1800000,40,0.01123121939599514,13.486096080010515,0.0002639999999999991,0.011086569307077252,0.002516712010558105,-0.0008815943840297994,71.16720080375671,47.92536234855652,119.09256410598755,-5.149841442175784e-09,1.4305114870438729e-09
2.064686062271258,0.0,500.0,0.0,91,1820000,40,0.017915736883878708,13.18791252600999,0.0002635999999999991,0.01405520967761927,0.0020927521760820095,-0.0010869391867264668,73.35783505439758,36.453418254852295,109.81125497817993,-4.00543198608716e-09,-4.0531160649948106e-09
2.1711834841904025,0.0,500.0,0.0,92,1840000,40,0.015857791528105736,12.892138149709492,0.0002631999999999991,0.013613868606736577,0.0016545539936257078,-0.0009220646973828273,82.89014744758606,35.63753366470337,118.5276825428009,-1.8119812317252126e-09,-3.576278717609682e-10
2.5674028254503347,0.0,500.0,0.0,93,1860000,40,0.01577887497842312,12.598652492224016,0.00026279999999999907,0.016277070078244315,0.0011754000105761004,-0.0009650678850540559,84.25476861000061,32.81511449813843,117.06988430023193,6.246566819356758e-09,-8.463859613172531e-10
3.7237158738446583,0.0,500.0,0.0,94,1880000,40,0.012464424595236778,12.307341117612816,0.00026239999999999906,0.01952151825527743,0.0006992868056979113,-0.00077613700925696,69.08493542671204,39.98751997947693,109.07245659828186,7.3909758313561724e-09,6.43730180271973e-10
4.301377266180263,0.0,500.0,0.0,95,1900000,40,0.01549716480076313,12.018095311732175,0.00026199999999999905,0.020521204959294652,0.00039477718377314933,-0.0009155533549300678,83.05957365036011,34.87806558609009,117.93764162063599,-5.912780931538464e-09,7.420778436184605e-10
2.550372997294044,0.0,500.0,0.0,96,1920000,40,0.015560862608253956,11.730811796145566,0.00026159999999999904,0.025716302372939603,0.00023285184433916584,-0.0009596336620579447,78.48805069923401,42.66467571258545,121.15272808074951,-1.9073485846288207e-10,3.9190053979787365e-10
4.844634019993263,0.0,500.0,0.0,97,1940000,40,0.017418064177036285,11.44539245633829,0.00026119999999999903,0.027117071950313033,5.525889145926008e-05,-0.001258175622804836,77.51413321495056,34.51520824432373,112.02934265136719,1.120567283408036e-08,2.611428406851246e-09
3.1757323007165192,0.0,500.0,0.0,98,1960000,40,0.012993055395781994,11.161744083521375,0.000260799999999999,0.026440679254835543,5.415794627815903e-06,-0.001001879819983814,83.68222999572754,34.55114030838013,118.23337149620056,1.2493133638713516e-08,5.21540644005114e-10
3.3120421481387536,0.0,500.0,0.0,99,1980000,29,0.020717546343803406,10.879778129345306,0.000260399999999999,0.032302609589137866,3.823561657919252e-06,-0.0009327302936812422,76.05741858482361,34.76519179344177,110.8226113319397,-4.577636936176077e-09,-6.277114383834714e-10
3.8930119066817306,0.0,500.0,0.0,100,2000000,40,0.01705585978925228,10.599410472878041,0.000259999999999999,0.03359583422447307,2.6237467090258856e-06,-0.0011897279863303625,70.81280469894409,35.78981399536133,106.60262107849121,-3.433227480087453e-09,4.682689791479788e-10
889.5431669902237,0.0,500.0,0.0,101,2020000,40,0.011974231339991093,10.320561199234138,0.000259599999999999,67.04369973630845,1.9385709980267014e-06,-0.0004866631324021691,61.00272560119629,42.70211219787598,103.70483875274658,3.671646098268866e-08,-2.760440209748083e-10
1128.2328368050046,0.0,500.0,0.0,102,2040000,40,0.011778626590967178,10.043154389272432,0.000259199999999999,30.62078508727158,1.3948137304843921e-06,-0.0006208078913914506,70.1206727027893,33.386616468429565,103.5072922706604,1.4066696252257316e-08,4.865229330519583e-10
1166.6185533893047,0.0,500.0,0.0,103,2060000,40,0.01268086675554514,9.767117919808811,0.00025879999999999897,25.60487350972393,9.645481370417264e-07,-0.0006187857599682882,69.00252389907837,45.52133584022522,114.5238606929779,2.5177001816700795e-08,-1.9688159436093144e-10
1219.3438748754388,0.0,500.0,0.0,104,2080000,40,0.014338232576847076,9.49238327381837,0.00025839999999999896,28.138825386536272,7.036008081625028e-07,-0.0008541010501625051,66.891042470932,33.526904582977295,100.41794800758362,2.42042546005905e-07,-1.3420357880544742e-10
1215.8874180265814,960.225,500.0,0.0,105,2100000,1,0.3421178162097931,24.07321942383318,0.00025799999999999895,119.34234445306319,48160.817005785204,6.553675597227072,80.14151263237,0.9847609996795654,81.12627458572388,-1.0967254837623841e-07,4.39453117451194e-07
1330.0549135074011,1954.7,500.0,0.0,106,2120000,1,0.3830716907978058,53.83614220264153,0.00025759999999999894,164.75736120682728,187091.4037598417,4.897697742981247,66.10584092140198,0.8529200553894043,66.9587619304657,1.1444091541079615e-07,-8.496093869325705e-06
1304.1228693179564,1201.3887499999998,500.0,0.0,107,2140000,1,0.2304650843143463,71.39944446750945,0.00025719999999999893,120.63346978682506,72540.03728089151,6.27608225315432,66.53207540512085,1.0927982330322266,67.62487435340881,2.1510123815460247e-07,2.685546860448085e-07
1336.7042943641457,1198.75875,500.0,0.0,108,2160000,40,0.008886788040399551,88.63201099413399,0.0002567999999999989,40.227304745625844,77541.04939339176,-0.13877564246141458,75.1257688999176,37.90126323699951,113.02703309059143,-1.76429750808893e-07,3.3935546071006684e-06
1382.953985207412,131.34750000000003,500.0,0.0,109,2180000,40,0.015441562049090862,89.04495419442729,0.0002563999999999989,17.570481138666974,3.5108824267040326,-0.04855354316341042,68.70458674430847,37.03079128265381,105.7353789806366,3.6525726443414896e-08,-4.1961669694501325e-08
1352.8023209360495,1937.1299999999999,500.0,0.0,110,2200000,1,0.1873835027217865,117.48005273470592,0.0002559999999999989,80.67287102228478,181153.63975843598,22.06157898148404,82.82271528244019,0.8917908668518066,83.71450710296631,-6.718635603419898e-08,-1.9287108443677425e-06
1403.8308995507318,0.0,500.0,0.0,111,2220000,29,0.025568075478076935,115.42394634797063,0.0002555999999999989,20.78302978813674,10.566644909651401,-0.02108998450282709,74.72799611091614,32.65436244010925,107.38235998153687,1.300811760529541e-07,-1.5258788677030566e-09
1393.655087922464,0.0,500.0,0.0,112,2240000,4,0.02911141887307167,113.45814528057208,0.0002551999999999989,31.671098343933686,11.40257962142365,0.0027043647781203064,88.82168698310852,3.3916399478912354,92.21332883834839,-3.757476818577743e-08,1.5258788721439487e-07
1397.3335575522913,0.0,500.0,0.0,113,2260000,29,0.022568393498659134,111.57813426654349,0.0002547999999999989,19.003590340283385,9.668638275211839,-0.015171438518997781,62.912450075149536,29.03368091583252,91.94613194465637,-1.1062621929625038e-08,-1.831054774470431e-08
1383.1581551767633,0.0,500.0,0.0,114,2280000,1,0.02090347930788994,109.77962380321631,0.00025439999999999887,47.561205562156964,34.087404770187185,0.06858981754395026,71.47297549247742,1.6615872383117676,73.13456463813782,3.185272134942352e-08,-1.2207030941624453e-08
1316.368618003593,0.0,500.0,0.0,115,2300000,21,0.023360347375273705,107.5784263630555,0.00025399999999999886,13.108845986969289,2.704356109722326,-0.008215057941781264,71.76371121406555,18.386553287506104,90.15026569366455,-2.632141082870021e-08,4.615783666395146e-08
1309.3697322741716,0.0,500.0,0.0,116,2320000,38,0.021357696503400803,104.97755129490272,0.00025359999999999885,10.26961041672241,2.464131629741009,-0.008890520086121696,65.3046817779541,49.394909143447876,114.6995940208435,-2.307891833197573e-08,-1.6403198799253005e-08
1323.2253589537595,0.0,500.0,0.0,117,2340000,1,0.030491065233945847,102.8708756051576,0.00025319999999999884,88.15283934677703,59.71367773225036,0.01615665173983272,62.82394790649414,1.0608649253845215,63.884814977645874,1.5258788677030566e-09,-1.739501982456204e-07
1369.4866418792558,0.0,500.0,0.0,118,2360000,5,0.020795201882719994,101.1779631233602,0.0002527999999999988,43.98610628103908,20.241511189183104,-0.0008220746311583096,61.58012390136719,4.497882604598999,66.0780074596405,4.00543198608716e-09,7.629394893626795e-09
1358.856561770448,0.0,500.0,0.0,119,2380000,19,0.025621680542826653,99.8369612171922,0.0002523999999999988,30.501333275133575,5.372777351572226,-0.0119953959123005,79.36531662940979,16.77622890472412,96.1415467262268,-1.907348723406699e-09,2.1362303925798187e-08
1372.9591818222762,0.0,500.0,0.0,120,2400000,8,0.02133374847471714,98.55050940633258,0.0002519999999999988,18.485022155544424,6.87996640329874,0.0007922811642925762,59.445194482803345,6.765354871749878,66.21055150032043,-4.2724607851596375e-08,1.0681151962899094e-08
1388.9419017765135,0.0,500.0,0.0,121,2420000,40,0.011397312395274639,97.31588018601595,0.0002515999999999988,12.275727970237973,0.5994798549085478,-0.00620321296571748,71.70561957359314,32.47667407989502,104.18229603767395,4.577636936176077e-09,1.201629640235069e-08
1318.645731875789,0.0,500.0,0.0,122,2440000,1,0.021640481427311897,96.13048242671515,0.0002511999999999988,16.543153509309022,2.909451454500609,0.010603602056073236,62.88470435142517,0.8721246719360352,63.7568302154541,-7.1525572131747595e-09,-3.0899048653054706e-08
1266.9187765696643,0.0,500.0,0.0,123,2460000,27,0.020186487585306168,94.99185455537939,0.0002507999999999988,10.593132532542713,0.8957574776903431,-0.004432924701727445,70.38361620903015,27.105746030807495,97.48936462402344,1.039505015398845e-08,8.392333938900265e-09
1255.157638278477,0.0,500.0,0.0,124,2480000,30,0.023497940972447395,93.89765807761043,0.00025039999999999877,113.53392913271104,1.224734710024882,-0.007762837049233008,73.71105909347534,29.294138431549072,103.00519943237305,-1.678466787780053e-08,-2.2125243859250077e-08
1258.1169609529807,0.0,500.0,0.0,125,2500000,40,0.016383284702897072,92.8456714237299,0.00024999999999999876,18.332864143576803,0.27818024234869815,-0.003099400436069486,60.21919393539429,52.84577560424805,113.06497144699097,-2.00271599304358e-09,1.5735626135437997e-09
1284.6287129626176,0.0,500.0,0.0,126,2520000,16,0.02335239388048649,91.8337841025434,0.00024959999999999875,38.45519835586789,0.5004197743403006,-0.0017192364499765695,66.18821287155151,13.82552433013916,80.01373815536499,-1.201629640235069e-08,-1.0490417423625331e-08
1284.5954461186657,0.0,500.0,0.0,127,2540000,1,0.0541311539709568,90.85999114741624,0.00024919999999999874,26.029596835752077,6.193991639946081,0.04549701410475411,68.80850672721863,1.3665006160736084,70.17500925064087,-2.336502102906479e-09,-8.087157965519509e-08
1240.5595433735818,0.0,500.0,0.0,128,2560000,9,0.020003365352749825,89.92238784004542,0.00024879999999999873,34.18576826559676,0.9985869963628498,0.0008884468328721203,74.07924461364746,6.916297912597656,80.99554419517517,2.479553229406406e-09,-7.629394338515283e-10
1204.4490942555763,0.0,500.0,0.0,129,2580000,27,0.020640689879655838,89.01916469804316,0.0002483999999999987,29.71963345853588,0.3361969905046583,-0.0025010718346487834,65.43528032302856,22.757843255996704,88.19312500953674,9.727478378351861e-09,-3.19480886190604e-09
1256.955668027484,0.0,500.0,0.0,130,2600000,1,0.020330272614955902,88.14860271314099,0.0002479999999999987,51.91371275503424,1.34174481373799,0.008136656730659778,84.62713313102722,0.7381961345672607,85.36533045768738,-8.583068478174027e-09,-1.1825561863076928e-08
1217.2432825702042,0.0,500.0,0.0,131,2620000,40,0.015135232359170914,87.30906882748394,0.0002475999999999987,46.32959683560118,0.6851659984905508,-0.004218721647063105,68.97119283676147,36.48888897895813,105.46008372306824,3.051757735406113e-09,1.8692016823251834e-08
1260.2585665233769,0.0,500.0,0.0,132,2640000,1,0.0200415700674057,86.49901163610974,0.0002471999999999987,43.1475009073185,3.062066129491299,0.01436168280772016,68.5164749622345,1.2750892639160156,69.79156565666199,-7.438659466174613e-09,1.9836425835251248e-08
1228.672868405336,0.0,500.0,0.0,133,2660000,29,0.025166979059576988,85.71695730430426,0.0002467999999999987,27.104442630361543,0.607761166531256,-0.0032306279882317913,71.44729447364807,25.550682306289673,96.99797892570496,9.346008411625917e-09,-7.629394338515283e-10
1307.493663746383,0.0,500.0,0.0,134,2680000,5,0.02351713739335537,84.96150568908904,0.00024639999999999867,56.08416418244567,3.864441651634023,0.0051943190513720995,74.12999629974365,6.944697618484497,81.07469487190247,-3.8146971692576415e-10,-2.2125243859250077e-08
1280.4843929223375,0.0,500.0,0.0,135,2700000,40,0.014562963508069515,84.23132665463459,0.00024599999999999866,35.78580039271826,1.127573521369243,-0.007351831449608354,73.99471545219421,34.189921855926514,108.18463802337646,-2.479553229406406e-09,7.2479249269008506e-09
1275.53906577302,0.0,500.0,0.0,136,2720000,40,0.015316232107579708,83.52515657190285,0.00024559999999999865,12.77639575743977,4.561119787659072,-0.011393125144517215,66.89365577697754,51.18400168418884,118.07765936851501,9.53674295089968e-09,2.2888184680880386e-09
1312.2945160071235,0.0,500.0,0.0,137,2740000,32,0.028082000091671944,82.84179499330772,0.00024519999999999864,21.00646261191821,2.648687061747607,-0.00809878234521639,65.77793383598328,29.223527193069458,95.00146222114563,2.2888184680880386e-09,-5.7220459481754915e-09
1278.0049024392786,0.0,500.0,0.0,138,2760000,40,0.014141811057925224,82.18010149364233,0.00024479999999999863,32.282795626755004,1.5401027622385115,-0.010030805414448245,78.35576343536377,36.487260818481445,114.84302544593811,5.149841442175784e-09,-9.53674295089968e-09
1195.8003390369818,0.0,500.0,0.0,139,2780000,40,0.012011499144136906,81.53899266896022,0.0002443999999999986,15.909775045400933,0.3880777989384494,-0.003107942344032853,66.75670433044434,33.17182898521423,99.92853450775146,6.1988831845383174e-09,-5.722046170220096e-10
1208.6003607353643,0.0,500.0,0.0,140,2800000,11,0.020951559767127037,80.9174392855122,0.00024399999999999864,30.069046213657042,0.47151507538399295,-0.0024443488893333837,76.6343641281128,15.809192180633545,92.44355869293213,2.479553229406406e-09,8.77380390562621e-09
1214.52785325715,0.0,500.0,0.0,141,2820000,40,0.014184958301484585,80.31446357123659,0.00024359999999999866,22.104411494731902,0.4462940601608421,-0.004842019159548704,65.0156638622284,36.2598934173584,101.27555799484253,2.8610229740877458e-09,6.771087690538025e-09
1256.2363706417677,0.0,500.0,0.0,142,2840000,38,0.020000454038381577,79.72913664267476,0.00024319999999999865,17.502571639023486,0.4682546968036378,-0.0033251082815191424,78.41454267501831,34.04146218299866,112.45600700378418,-3.8146971692576415e-10,-4.291534239087014e-09
1258.6506198473678,0.0,500.0,0.0,143,2860000,40,0.02739124186336994,79.16057606054102,0.00024279999999999864,33.08542739982846,0.4896071266005688,-0.0033233319153519983,60.770735025405884,34.53701734542847,95.30775451660156,5.340575981449547e-09,-5.817413217812373e-09
1248.0592345008924,0.0,500.0,0.0,144,2880000,9,0.0219620019197464,78.60794350751397,0.00024239999999999865,34.38546657092796,0.3209695459334324,-0.000993989583539728,83.60565328598022,11.239054679870605,94.84471035003662,-2.2888184680880386e-09,6.675719976811934e-10
1251.9460332446997,0.0,500.0,0.0,145,2900000,40,0.020043857395648956,78.07044258213827,0.00024199999999999867,30.535415542352048,0.4990665450880799,-0.0036410932554023436,81.67854356765747,44.18332266807556,125.86186838150024,-8.01086397217432e-09,4.577636936176077e-09
1198.5420916405637,0.0,500.0,0.0,146,2920000,31,0.021797016263008118,77.54731670303136,0.0002415999999999987,16.77883250064001,0.23482097354943823,-0.0027092877949673375,59.81966829299927,27.095526456832886,86.91519713401794,1.8119812317252126e-09,1.7642974858844696e-09
1154.5185720821287,0.0,500.0,0.0,147,2940000,2,0.02133023552596569,77.03784711787979,0.0002411999999999987,23.149278115622604,0.3988296581031401,0.0011131703570673736,68.15417146682739,2.0156993865966797,70.16987228393555,-8.678436635989328e-09,-1.1444092340440193e-09
1219.1547170384529,0.0,500.0,0.0,148,2960000,40,0.01494478341192007,76.5413510119858,0.00024079999999999872,15.789746403392357,0.2618828330566234,-0.0025592872200981727,71.48045492172241,35.9019730091095,107.3824291229248,-1.9359589487066842e-08,-6.38961772381208e-09
1265.132053282841,0.0,500.0,0.0,149,2980000,40,0.019524047151207924,76.05717971138651,0.00024039999999999874,16.342187541496905,0.20069752079493638,-0.002070746795625037,64.6066026687622,45.51998162269592,110.12658548355103,8.392333938900265e-09,6.794929507947245e-09
1252.5780001893158,0.0,500.0,0.0,150,3000000,32,0.020200258120894432,75.58471697581719,0.00023999999999999873,19.611192071362385,0.22406361968244745,-0.0022655679839991088,72.47383499145508,31.27260732650757,103.74644565582275,7.1525572131747595e-09,-2.861023085110048e-10
329.6819413202544,0.125,500.0,0.0,151,3020000,4,0.02032744139432907,75.12525237702633,0.00023959999999999872,451.87175897405115,0.4905510419814647,-0.004059283935193774,90.59782910346985,3.4900786876678467,94.08790993690491,-7.629394893626795e-09,5.698203864312745e-08
1.565216662753879,547.375,500.0,0.0,152,3040000,1,0.5570738315582275,82.90323607916646,0.0002391999999999987,282.0835339509988,48043.98370747627,-3.216214574590514,68.23677468299866,0.8426392078399658,69.07941484451294,-1.4877318932349226e-08,-1.5136719184738467e-06
2.13894764387842,582.135,500.0,0.0,153,3060000,1,0.07823627442121506,91.34781302520814,0.0002387999999999987,171.4358915497985,912.6212306686595,1.3250613318213933,84.88287949562073,1.2081758975982666,86.09105634689331,1.5449524326527353e-08,-1.708984314063855e-07
2.333730230162416,1392.545,500.0,0.0,154,3080000,1,0.5944526195526123,112.21008362394774,0.0002383999999999987,207.3112711846074,69388.15611117399,27.81562211392801,69.43230676651001,1.0560696125030518,70.48837733268738,3.929138259195497e-08,3.0761718790017767e-06
2.6894431823310905,3.12,500.0,0.0,155,3100000,4,0.020134001970291138,111.17692569275036,0.00023799999999999868,121.22963817813728,41.16395200204246,0.01938975532833911,70.125559091568,3.286886692047119,73.41244673728943,-3.3950804834148585e-08,-1.0375976700061074e-07
1.7630253317960567,5.7475,500.0,0.0,156,3120000,33,0.023401565849781036,110.22521190811283,0.00023759999999999867,60.09978422407085,16.346749074394143,-0.05175593843319931,87.05315947532654,29.363597631454468,116.41675806045532,-5.455017060285172e-08,6.103515470812226e-09
1.8445932564483971,40.68000000000001,500.0,0.0,157,3140000,1,0.053813304752111435,109.85291131270719,0.00023719999999999866,79.99506537521941,48.28351080568531,0.19412817796574364,69.10210418701172,0.7537591457366943,69.85586428642273,-3.108978319232847e-08,-1.3732909920349812e-08
2.1311209266911115,912.4712499999999,500.0,0.0,158,3160000,1,0.37204208970069885,123.01983012207184,0.00023679999999999868,92.61642337750784,46740.74980723707,-0.3230116638956191,79.33883547782898,0.9959683418273926,80.33480453491211,-3.6239624634504253e-09,1.416015606992005e-06
1.5577445799078249,229.57750000000001,500.0,0.0,159,3180000,1,0.05893154442310333,125.38728549096824,0.0002363999999999987,74.28711347942111,15344.333598317979,2.539270135420787,76.33238983154297,0.8329823017120361,77.16537284851074,-3.051757735406113e-09,-5.493163826031378e-07
2.668426886010862,261.3025,500.0,0.0,160,3200000,1,0.2668766975402832,128.23039434141984,0.00023599999999999872,79.24169690095925,51055.365369289735,4.8816121756276,70.98902797698975,1.2679262161254883,72.25695514678955,1.7166136956348055e-08,8.78906234902388e-07
1.72423512167422,2388.265,500.0,0.0,161,3220000,1,0.15271975100040436,164.01735524934887,0.00023559999999999873,64.73918330518505,69578.5876760845,12.404253104065038,84.17225933074951,0.8087978363037109,84.98105835914612,-4.100799699813251e-09,-2.0019531348225428e-06
2.0248460604706695,217.07875000000004,500.0,0.0,162,3240000,21,0.020023465156555176,165.2695887368814,0.00023519999999999872,40.293911380606865,1519.663016665334,-0.403830443574604,81.09206986427307,24.619235515594482,105.71130728721619,9.918212917625624e-09,-1.5563965405362978e-07
2.2941175059704184,85.80250000000001,500.0,0.0,163,3260000,18,0.02141655422747135,164.50308805003732,0.00023479999999999874,21.33033495445627,70.70391329263668,-0.10614238515412422,85.90971183776855,17.476474285125732,103.3861882686615,-4.76837147544984e-09,-2.5939941750152684e-08
1.6059152611022114,1038.2224999999999,500.0,0.0,164,3280000,1,0.024776237085461617,178.16261864753545,0.00023439999999999873,47.57161809221099,114093.67642173285,12.45599949058098,78.04435753822327,1.0758285522460938,79.12018728256226,4.100799699813251e-09,-3.979492248618044e-06
1.8590451079004655,976.6275000000002,500.0,0.0,165,3300000,9,0.026059728115797043,191.3857739651587,0.00023399999999999872,19.7470955674323,202.30985789158174,-0.01635271455154724,88.60557389259338,8.75821304321289,97.36378812789917,-2.8610229740877458e-09,1.831054774470431e-08
1.5064989237987878,0.0,500.0,0.0,166,3320000,12,0.024576904252171516,189.28454526690075,0.0002335999999999987,15.172554716279235,73.90733625466311,-0.002472160554997906,73.07519125938416,12.932318687438965,86.00751185417175,-1.7166137400437265e-09,-6.103515470812226e-09
1.2797351445211291,982.725,500.0,0.0,167,3340000,1,0.30709201097488403,202.49064925355572,0.00023319999999999873,21.730929338479346,48965.05206685127,0.5219210733341265,88.44566583633423,0.8975157737731934,89.34318470954895,1.239776614703203e-09,1.5747070847282885e-06
1.5042802234564525,0.0,500.0,0.0,168,3360000,35,0.02090117707848549,199.84717741587792,0.00023279999999999872,9.785661848026848,46.56371400653777,-0.029518656022038316,72.52044820785522,31.531691074371338,104.05214071273804,9.059905714536853e-09,2.2888183792701966e-08
1.1808594060341522,10.85625,500.0,0.0,169,3380000,21,0.023009322583675385,197.83309792008404,0.0002323999999999987,14.99651785971818,78.70120039440337,-0.07862417696514282,84.26882219314575,18.908370971679688,103.17719531059265,4.959106458812812e-09,8.239746307481255e-08
1.3364656898152714,42.5125,500.0,0.0,170,3400000,9,0.020427944138646126,196.38745989907986,0.00023199999999999873,18.159972192198246,43.60223000696775,-0.04829398677952892,66.59597277641296,7.713071346282959,74.30904650688171,2.8610229740877458e-09,3.051757735406113e-09
1.6745471224895496,112.20625,500.0,0.0,171,3420000,1,0.051355622708797455,195.03963190412586,0.00023159999999999874,21.41918196859239,4056.843624127062,0.39008762300768984,85.53322315216064,0.8953440189361572,86.42856955528259,-2.412796007433826e-08,2.5634764710957825e-07
1.4949274637722962,1.21875,500.0,0.0,172,3440000,7,0.022205686196684837,193.16808530891956,0.00023119999999999876,14.195159231775708,13.72872007022499,-0.009876801334254134,67.8078384399414,5.442788124084473,73.25062727928162,1.1444091896350983e-08,-9.918212917625624e-09
1.9343110252309714,0.38125,500.0,0.0,173,3460000,35,0.02020064927637577,191.46242026046906,0.00023079999999999875,7.087871782947837,3.863834693332693,-0.012516489095318975,66.5750982761383,32.66020965576172,99.23530960083008,-2.250671471415444e-08,-1.525878978725359e-08
1.7368507331462184,0.0,500.0,0.0,174,3480000,40,0.012373161502182484,189.8351829974456,0.00023039999999999877,9.030876893936833,2.1592569016014473,-0.014401026729117089,84.16156220436096,33.15477514266968,117.31633830070496,3.814697446813398e-09,-5.302429073594794e-08
1.8465737543324328,0.0,500.0,0.0,175,3500000,15,0.020008523017168045,188.2768075975733,0.00022999999999999876,6.605505095051311,1.5859027387220648,-0.006074494858496362,63.83034539222717,16.289130449295044,80.11947703361511,-2.574920721087892e-08,-3.7097930061236184e-08
2.2967117226363327,307.975,500.0,0.0,176,3520000,1,0.15115505456924438,191.40347596769465,0.00022959999999999878,15.644992484322078,15185.205352581,1.5133752038207235,79.12127232551575,0.8835413455963135,80.00481486320496,-1.5449524326527353e-08,3.540039017480012e-07
1.8001803896115542,0.0,500.0,0.0,177,3540000,8,0.02247496321797371,189.8956734193099,0.0002291999999999988,8.054198462374602,15.755291802219197,-0.0004585809545897985,65.12407231330872,5.769402027130127,70.89347577095032,-1.5258788677030566e-09,1.831054774470431e-08
1.3359904337781816,0.0,500.0,0.0,178,3560000,18,0.025807369500398636,188.4507609983444,0.0002287999999999988,8.665102480668391,13.162485206848123,-0.008003753747164931,84.80055117607117,16.069472312927246,100.87002754211426,1.4305114870438729e-09,-1.2969970875076342e-08
1.6027382380501876,408.1787499999999,500.0,0.0,179,3580000,1,0.5233566164970398,193.1882754484272,0.0002283999999999988,16.308311160606674,58673.31764625598,1.005848471122452,66.53960084915161,0.8182885646820068,67.35789084434509,-1.7452240541615538e-08,1.4648438195763447e-07
1.7148443713746477,785.29625,500.0,0.0,180,3600000,22,0.02093658596277237,203.53726605100582,0.00022799999999999882,7.640580059881177,63.75182877050582,-0.10326859513908557,72.5026707649231,20.27208161354065,92.77475428581238,-3.128051773160223e-08,9.918212917625624e-09
1.5694564435975886,0.0,500.0,0.0,181,3620000,10,0.03645964711904526,201.96951149845552,0.0002275999999999988,6.610657008388374,23.687590427640117,-0.004938650093501127,77.70452570915222,8.558039903640747,86.26256656646729,-1.5544891596164234e-08,1.3732909920349812e-08
1.2288613799974737,131.825,500.0,0.0,182,3640000,11,0.020679691806435585,202.44501967353276,0.00022719999999999883,7.842594247692885,304.78989395036245,-0.013389610911540523,69.71531176567078,9.534669876098633,79.24998354911804,-9.441375681262798e-09,-1.0223388358099328e-07
0.8088920132735492,24.875,500.0,0.0,183,3660000,4,0.025261621922254562,201.3459149398561,0.00022679999999999882,7.842583229270162,39.610941880865944,-0.006931735226247884,88.24915289878845,3.9450395107269287,92.19419622421265,1.8596649553614952e-08,-7.629394360719743e-08
0.9605948394127133,100.455,500.0,0.0,184,3680000,21,0.02137090638279915,201.4354029428633,0.00022639999999999884,6.288968754360804,405.0511663542087,-0.2758768402812458,73.83893465995789,18.0377414226532,91.87667727470398,5.0830841757942835e-08,-1.3275146670821414e-07
0.9787856047258938,2.2950000000000004,500.0,0.0,185,3700000,3,0.025834649801254272,200.08574404572013,0.00022599999999999883,7.436330433133282,206.12414631260094,0.06828091214980757,84.25321054458618,2.206941604614258,86.46015310287476,-1.1062621929625038e-08,4.882812731921149e-07
1.6276842796829925,0.0,500.0,0.0,186,3720000,14,0.02264339290559292,198.75779059343412,0.00022559999999999884,6.576447537104864,87.30227210594991,-0.03559883869510771,66.90275192260742,10.361506938934326,77.26425957679749,-2.1934509319976314e-08,-1.1291503909660605e-07
0.7755149306181126,0.0,500.0,0.0,187,3740000,12,0.023059219121932983,197.48373481376242,0.00022519999999999886,5.127661986944545,10.224136237102218,0.000635795165560668,75.36184239387512,10.630993366241455,85.99283647537231,2.6226043559063328e-08,0.0
0.9241655648265791,0.0,500.0,0.0,188,3760000,15,0.021995285525918007,196.2608818230743,0.00022479999999999888,5.43427932654755,8.0341679299431,-0.004834748116883799,78.97549343109131,16.25305414199829,95.2285509109497,-2.965927059506157e-08,-4.577636936176077e-09
0.8942552476039897,0.0,500.0,0.0,189,3780000,40,0.015766840428113937,195.08667148192058,0.00022439999999999887,3.890504873402511,5.8748110634616655,-0.016507657006665875,67.88461065292358,40.02924585342407,107.91385793685913,-4.768371461572052e-11,-1.1444091896350983e-08
0.6682568954605657,0.0,500.0,0.0,190,3800000,40,0.024449406191706657,193.95867165782454,0.00022399999999999886,3.3531595926496047,4.400678935609286,-0.014386960102430887,77.34724497795105,39.689533948898315,117.03677988052368,-1.4925003455346086e-08,3.8146971692576415e-10
0.7447600743844628,0.0,500.0,0.0,191,3820000,9,0.02249932661652565,192.87457182493333,0.00022359999999999885,3.9661664701212307,3.8201114886588354,-0.004746394677928606,76.43881177902222,7.298856496810913,83.73767161369324,1.525878978725359e-08,3.662109548940862e-08
0.7211730822948453,0.0,500.0,0.0,192,3840000,40,0.01743607595562935,191.83217698368665,0.00022319999999999884,3.079427889027173,2.8568743333409103,-0.009560670858673468,78.21090698242188,40.30618238449097,118.5170910358429,-3.108978319232847e-08,-1.6498566068889886e-08
1.2165816938278282,0.0,500.0,0.0,193,3860000,40,0.01541147567331791,190.82940188450232,0.00022279999999999886,3.168794535081598,1.7302707662310781,-0.008008076297561343,75.18055057525635,35.30724263191223,110.48779463768005,-4.062652436687131e-08,4.634857120322522e-08
0.7913169519885608,10.2,500.0,0.0,194,3880000,24,0.023955658078193665,190.0172655402772,0.00022239999999999887,3.4027062117550444,2.445109584160495,-0.03500773807749828,76.59596920013428,20.792890071868896,97.38886070251465,-2.4366379136608884e-08,7.2479249269008506e-09
0.8200888904968334,0.0,500.0,0.0,195,3900000,40,0.017474545165896416,189.08533601326334,0.0002219999999999989,2.8280105849610098,2.0344857440341877,-0.015177599509387378,80.840993642807,38.65362191200256,119.49461793899536,-1.4591217123438582e-08,2.9754637864698452e-08
1.020708444394479,0.0,500.0,0.0,196,3920000,40,0.018061144277453423,188.18750296260018,0.0002215999999999989,2.799193876302695,1.7933040557028372,-0.009099980278911004,81.4990668296814,36.02022671699524,117.51929640769958,2.6082991766429586e-08,5.340575981449547e-09
1.2247097634515842,0.0,500.0,0.0,197,3940000,37,0.021875856444239616,187.32206156447018,0.0002211999999999989,2.595724618969166,2.372267465211331,-0.008044389884946329,88.0225179195404,33.50033617019653,121.52285718917847,-1.754760781125242e-08,7.553100545010238e-08
1.3158386274343585,0.0,500.0,0.0,198,3960000,29,0.020273543894290924,186.48739223624665,0.0002207999999999989,2.448836093904253,2.149399426242557,-0.01072967514909547,70.47917437553406,26.9374098777771,97.41658616065979,2.8419494313425275e-08,3.3950804834148585e-08
0.7416095896480132,0.0,500.0,0.0,199,3980000,1,0.02114579640328884,185.68195637443432,0.00022039999999999888,3.0955203665962703,3.808321415623532,0.004212467854583188,67.7659363746643,0.98429274559021,68.75023221969604,-2.7847290695603988e-08,6.370544269884704e-08
0.5074936792806316,0.0,500.0,0.0,200,4000000,25,0.020136527717113495,184.9042923057126,0.00021999999999999887,2.333445212569418,2.721691628769983,-0.010655474988154218,76.46680641174316,21.660919189453125,98.12772750854492,8.187294042727444e-08,-7.629394338515283e-10
5.300098733715237,0.0,500.0,0.0,201,4020000,2,0.025391485542058945,184.15301144042698,0.00021959999999999886,14.54778759388984,41.95101408415203,0.03055255494634562,68.12160873413086,1.8714017868041992,69.99301409721375,-6.446838085594209e-08,1.4801025827182457e-07
7.577859094959072,0.0,500.0,0.0,202,4040000,4,0.022372983396053314,183.42679461840564,0.00021919999999999885,5.125846610039095,19.258512822887564,0.0037916824044777623,72.66313648223877,3.552510976791382,76.21564960479736,-4.644394024921894e-08,5.264282165740042e-08
7.321473480074957,0.0,500.0,0.0,203,4060000,1,0.022871803492307663,182.72438863748533,0.00021879999999999887,5.012847861157188,14.288477152208738,0.04211362331068214,72.20119881629944,0.861886739730835,73.0630874633789,-2.160072298806881e-08,1.1978148961588886e-07
7.2048161854372665,0.0,500.0,0.0,204,4080000,1,0.029414819553494453,182.04460295561108,0.00021839999999999888,4.701238906836208,9.918232127080989,0.0353452986271321,76.43470573425293,0.8693528175354004,77.30405950546265,-1.210212730029525e-07,1.754760781125242e-08
7.684338175776157,0.0,500.0,0.0,205,4100000,20,0.028513247147202492,181.38630655783052,0.00021799999999999888,3.098595525946798,6.124337634406512,-0.007372836142931652,74.2636866569519,17.120308876037598,91.3839967250824,2.5081634547063913e-08,4.577636758540393e-08
7.573097599697293,0.0,500.0,0.0,206,4120000,20,0.03557988256216049,180.748424979939,0.0002175999999999989,2.624696179432205,5.508227626809591,-0.024591699485737785,73.97278165817261,16.430405855178833,90.4031891822815,9.717940940845438e-08,5.7983399415206804e-08
7.527848919293815,0.0,500.0,0.0,207,4140000,4,0.021067501977086067,180.12993748094203,0.00021719999999999888,2.727998327605332,3.502784705614742,0.00348648205370041,78.14346408843994,4.62941575050354,82.77288246154785,1.9025803155159338e-08,-8.277893215336007e-08
8.486369645823146,0.0,500.0,0.0,208,4160000,21,0.026683710515499115,179.52987435689494,0.00021679999999999887,3.0887904340348524,3.3148286139268053,-0.0003418250401257894,79.46997785568237,17.82565140724182,97.29562997817993,-9.155273872352154e-09,-4.539489850685641e-08
8.96777887859119,0.0,500.0,0.0,209,4180000,40,0.012240979820489883,178.9473143890502,0.0002163999999999989,6.103818452961837,3.2148392885168895,-0.009338170211597146,77.37684178352356,33.13020420074463,110.50704765319824,1.9836425835251248e-08,6.866454960174906e-09
8.809210753394115,0.0,500.0,0.0,210,4200000,2,0.020925825461745262,178.38138241959768,0.00021599999999999888,8.049087089828298,2.683723881274839,0.004996461587474693,72.44472908973694,1.3882396221160889,73.8329701423645,1.4686584393075464e-08,5.054473728449693e-09
7.933587099303907,0.0,500.0,0.0,211,4220000,40,0.007456854917109013,177.8312470486178,0.00021559999999999887,4.9269729054426845,1.7528272222491759,-0.003920485779180345,69.36756348609924,34.9688982963562,104.33646559715271,-1.1825561863076928e-08,-4.863739189175931e-09
8.286047553955667,0.0,500.0,0.0,212,4240000,40,0.011311224661767483,177.2961184461869,0.00021519999999999886,6.285471444190303,1.4838083080853088,-0.005626801068045765,70.67833423614502,34.56690049171448,105.24523615837097,-3.8146971692576415e-10,-8.201599399626502e-09
8.750361987286677,0.0,500.0,0.0,213,4260000,17,0.021190129220485687,176.77524627387757,0.00021479999999999888,4.9235700216208125,2.5118021836319877,-0.002941097187992027,72.58615398406982,17.393166065216064,89.97932195663452,1.0490417423625331e-09,1.907348723406699e-09
9.073345798571314,0.0,500.0,0.0,214,4280000,40,0.013491467572748661,176.2679177101837,0.00021439999999999887,2.5933342303656324,2.4149485706528533,-0.0056163822763446196,85.24966287612915,33.921184062957764,119.17084908485413,-3.256797853623539e-08,1.1062621929625038e-08
8.208709028735642,0.0,500.0,0.0,215,4300000,40,0.006650645285844803,175.7734555746745,0.00021399999999999886,2.229919330153284,2.6292024653546417,-0.006039210028439477,73.67594838142395,33.07253074645996,106.74848103523254,-1.2207030941624453e-08,-2.4414061883248905e-08
7.810911659568856,0.0,500.0,0.0,216,4320000,7,0.02240878902375698,175.29121654594078,0.00021359999999999885,2.730908837715066,4.149220594661361,-0.001691887555997583,67.03812456130981,6.875401735305786,73.91352939605713,3.02314759892397e-08,2.2888184680880386e-09
7.728266326414837,0.0,500.0,0.0,217,4340000,25,0.0231320858001709,174.82058946864373,0.00021319999999999884,3.177524958501888,2.514262778306309,-0.00356887077276088,69.51665139198303,21.75785541534424,91.2745087146759,2.861023085110048e-10,-1.678466787780053e-08
8.897644127108041,0.0,500.0,0.0,218,4360000,1,0.033164963126182556,174.36099374521154,0.00021279999999999883,3.9493939469132244,5.662174430074571,0.00031438041949951196,66.94006061553955,0.6984090805053711,67.63847041130066,7.2479249269008506e-09,-2.2888184680880386e-09
8.100050948703712,0.0,500.0,0.0,219,4380000,10,0.026756225153803825,173.91187780795096,0.00021239999999999885,4.6041936313049705,5.89302266866346,-0.004929185834347824,68.93368649482727,8.593210697174072,77.52689814567566,5.7220459481754915e-09,-7.629394893626795e-09
7.298323474328096,0.0,500.0,0.0,220,4400000,40,0.011937208473682404,173.4727176675534,0.00021199999999999884,2.6503523070600967,2.042698231264006,-0.006756738273064382,74.85837936401367,30.67566728591919,105.53404784202576,-8.201599399626502e-09,-1.8119812317252126e-09
7.6106767209526875,0.0,500.0,0.0,221,4420000,8,0.036307625472545624,173.04301553417574,0.00021159999999999883,3.791360512564454,3.1153210105398035,-0.00200403924100101,73.30217218399048,7.83599328994751,81.1381664276123,1.0681151962899094e-08,2.2888184680880386e-09
7.995763197358204,0.0,500.0,0.0,222,4440000,3,0.04024840146303177,172.62229850746695,0.00021119999999999882,4.194467180388889,2.769489022246896,0.0013823930669245841,68.54439210891724,1.9987642765045166,70.54315733909607,-4.386901952813105e-09,1.907348723406699e-09
8.500920922617798,0.0,500.0,0.0,223,4460000,31,0.022374801337718964,172.2101173320936,0.0002107999999999988,3.1268787951603767,2.4760505140144127,-0.0023874661246510113,72.68748188018799,31.709378957748413,104.39686298370361,7.629394338515283e-10,-3.8146971692576415e-10
8.778953261355195,0.0,500.0,0.0,224,4480000,40,0.01558400597423315,171.80604521548892,0.0002103999999999988,2.1341650073286855,1.8307259500026702,-0.003858269378027136,76.1514139175415,30.318032026290894,106.46944785118103,-6.1988831845383174e-09,-6.246566819356758e-09
9.207208102411434,0.0,500.0,0.0,225,4500000,1,0.02962949126958847,171.40967670471449,0.00020999999999999882,3.867504898505875,2.750788060924675,0.0008980116005279595,68.85009407997131,0.8196783065795898,69.6697735786438,6.103515470812226e-09,1.1825561863076928e-08
7.711405175058077,0.0,500.0,0.0,226,4520000,40,0.008137344382703304,171.02062661947875,0.00020959999999999883,2.0512807545028156,1.759126272269442,-0.004149758541968333,67.02959871292114,33.980679512023926,101.01027965545654,-1.7356873271978657e-08,-3.1661986810149756e-08
7.898112904977566,0.0,500.0,0.0,227,4540000,40,0.013297662138938904,170.63852903850483,0.00020919999999999885,1.689296783978426,1.57852738876886,-0.003424471296234457,65.3498899936676,32.19151592254639,97.54140710830688,5.292892346631106e-09,-2.6130676289426447e-08
7.307759713249841,0.0,500.0,0.0,228,4560000,40,0.00941967498511076,170.26303633657957,0.00020879999999999887,1.6362316257968734,1.5544913649181777,-0.004139495136502164,68.7367947101593,33.0216429233551,101.75843930244446,4.863739189175931e-09,-2.6893616222878336e-08
7.128887156762843,0.0,500.0,0.0,229,4580000,13,0.026092572137713432,169.8938182697506,0.00020839999999999886,1.8721860856137003,2.1295612334276477,0.0006806153650808183,71.55562496185303,10.493042707443237,82.04868412017822,-1.3351439953623867e-09,4.00543198608716e-09
6.9952297824014265,0.0,500.0,0.0,230,4600000,7,0.020752353593707085,169.53056110626306,0.00020799999999999885,2.2589814718981116,1.6837822804614822,-0.0013805428399008852,72.53800392150879,5.965037107467651,78.50328969955444,-1.7166137400437265e-09,1.9836425835251248e-08
7.201535149982895,0.0,500.0,0.0,231,4620000,40,0.015773693099617958,169.17296680094992,0.00020759999999999884,2.036202488405795,1.752536820761765,-0.005528888630030877,465.4048082828522,32.22384452819824,497.62865376472473,8.01086397217432e-09,-1.7356873271978657e-08
7.295200588711516,0.0,500.0,0.0,232,4640000,40,0.013321484439074993,168.8207522109024,0.00020719999999999883,1.5110664431430116,1.3842773153057581,-0.004387925594493959,72.47629880905151,32.11671757698059,104.593017578125,2.8991699707603402e-08,7.820129432900558e-09
7.234909244013752,0.0,500.0,0.0,233,4660000,40,0.013655764982104301,168.47364835035728,0.00020679999999999882,1.314275088566768,1.643738542251949,-0.00573161474983149,64.08764123916626,35.852235555648804,99.93988060951233,-2.1934509319976314e-08,-9.727478378351861e-09
7.73522970531055,0.0,500.0,0.0,234,4680000,1,0.020993877202272415,168.13139968283943,0.0002063999999999988,1.7185435687439352,1.6781704501260686,-0.008605257089285157,71.91161632537842,0.8104996681213379,72.72211790084839,-1.3828277189986693e-08,-2.5081634547063913e-08
7.3455408079857225,0.0,500.0,0.0,235,4700000,40,0.015004404820501804,167.79376344869746,0.0002059999999999988,1.2949038817158227,1.2201800581775135,-0.0041617023108727474,73.06452322006226,34.84834146499634,107.91288638114929,4.1961669694501325e-08,1.1348724626714102e-08
8.071030400732706,0.0,500.0,0.0,236,4720000,40,0.011391690000891685,167.46050902626257,0.00020559999999999882,1.1487263534265229,1.2313873797843728,-0.003520853983023192,201.85951566696167,38.16259145736694,240.0223662853241,-5.9604645663569045e-09,1.4305114426349519e-08
8.153035181998245,0.0,500.0,0.0,237,4740000,17,0.023486200720071793,167.13141732494947,0.0002051999999999988,1.2399046026941387,1.5753578970615134,-0.0026075496206202906,71.83707475662231,16.970434427261353,88.80751085281372,2.2888184680880386e-09,7.438659466174613e-09
7.551344035567871,0.0,500.0,0.0,238,4760000,40,0.01574445515871048,166.806280208702,0.0002047999999999988,1.0772186794047114,1.0509703239308128,-0.005478832805956584,76.19791579246521,37.61783409118652,113.81575202941895,-3.433227480087453e-09,3.814697446813398e-09
6.586408642704784,0.0,500.0,0.0,239,4780000,40,0.016947375610470772,166.48489994826687,0.0002043999999999988,0.9861391469270369,0.9230037527748302,-0.004993521131846252,77.1940507888794,41.289161682128906,118.48344206809998,6.103515470812226e-09,-1.3780593555168252e-08
7.0599023646004655,0.0,500.0,0.0,240,4800000,40,0.013565565459430218,166.16708870085353,0.0002039999999999988,0.9670051844625533,0.9652829751749582,-0.010532962713210808,83.49139714241028,67.50785303115845,150.99948525428772,3.6239624634504253e-09,4.897117733548839e-08
6.109709592254704,0.0,500.0,0.0,241,4820000,40,0.011154355481266975,165.85266801581085,0.0002035999999999988,0.8834852352927003,0.8803513599347464,-0.004068617287933343,73.25603079795837,33.307841062545776,106.56387329101562,3.6478042808596456e-09,-1.0490417423625331e-08
6.9926009236562265,0.0,500.0,0.0,242,4840000,40,0.01425493136048317,165.5414683650203,0.0002031999999999988,0.8380556826915923,0.8027883383858053,-0.004455818276177455,72.30069065093994,35.46064853668213,107.76134085655212,-1.1444092340440193e-09,-2.1934509319976314e-08
6.69523789102022,0.0,500.0,0.0,243,4860000,40,0.009652053005993366,165.2333286967693,0.0002027999999999988,0.8209574718264084,0.749723438296137,-0.0028632735784343867,73.00029349327087,33.05843687057495,106.05873250961304,-8.392333938900265e-09,2.6226043559063328e-09
6.561810339291881,0.0,500.0,0.0,244,4880000,1,0.021204985678195953,164.92809601193082,0.0002023999999999988,0.8756831695761862,0.9403263571896131,0.002481846032734913,69.14935326576233,0.9441163539886475,70.09347224235535,-1.5258788677030566e-09,2.6702879907247734e-09
6.47087514212753,0.0,500.0,0.0,245,4900000,40,0.015515063889324665,164.6256249613343,0.0002019999999999988,0.7799631947580772,0.7957198218454289,-0.0036053936822779027,74.45927143096924,31.685023307800293,106.14429593086243,-4.482269222449986e-09,5.9604645663569045e-09
6.685108989159275,0.0,500.0,0.0,246,4920000,19,0.02089359611272812,164.32577746326757,0.0002015999999999988,0.753660573235041,0.8352427276113207,-0.0029077088927771328,71.71531844139099,14.861153602600098,86.57647347450256,3.7193297330873065e-09,6.294250454175199e-09
6.608589058348035,0.0,500.0,0.0,247,4940000,24,0.022522125393152237,164.02842234010419,0.0002011999999999988,0.7056188382491281,0.823107994589876,-0.00293661578607997,62.49235153198242,16.295928478240967,78.78828120231628,-1.1444092340440193e-09,4.577636936176077e-09
7.908186473443573,0.0,500.0,0.0,248,4960000,40,0.01281285285949707,163.73343497309898,0.00020079999999999878,0.6502410978644709,0.6653753916108156,-0.0018349276057074637,60.20239520072937,28.34983205795288,88.55222821235657,-1.3351439953623867e-09,9.536743617033494e-10
7.267182489293063,0.0,500.0,0.0,249,4980000,32,0.02582378499209881,163.44069697444402,0.00020039999999999877,0.6324642932490457,0.681368831049981,-0.0016966164780799922,66.45699381828308,26.875139474868774,93.33213639259338,-3.2424927187690855e-09,-1.8119812317252126e-09
7.807210723670238,0.0,500.0,0.0,250,5000000,40,0.013412977568805218,163.15009587572183,0.00019999999999999876,0.5777619987348966,0.6244389425916008,-0.0012780413182070655,65.45623588562012,32.49748921394348,97.95372653007507,-1.8119812317252126e-09,-9.536743617033494e-10
240.7866873130036,0.0,500.0,0.0,251,5020000,1,0.021019872277975082,162.86152483193575,0.00019959999999999875,9.958125826678698,1.6359459207027773,0.02459426160571696,61.78540515899658,0.8497817516326904,62.635188817977905,-9.803771661154315e-08,-9.012222079718413e-09
318.4688743019463,0.0,500.0,0.0,252,5040000,40,0.017986640334129333,162.57488234033895,0.00019919999999999874,3.2343755502300926,0.7677519141684604,-0.007647486964588442,60.62015891075134,29.26938223838806,89.8895423412323,-1.0547638140678828e-07,-7.2479249269008506e-09
316.97687336873247,0.0,500.0,0.0,253,5060000,40,0.016840601339936256,162.290071973322,0.00019879999999999873,1.2711535701834702,0.7555270473791074,-0.008126422383968388,62.64633059501648,34.3733274936676,97.01965999603271,2.902984590491542e-07,-4.577636936176077e-09
316.7066885551394,0.0,500.0,0.0,254,5080000,40,0.012880423106253147,162.0070021246559,0.00019839999999999872,1.5910275656965716,0.6593850506634652,-0.0067223648065067474,62.076826333999634,30.934257984161377,93.01108694076538,1.0490417423625331e-08,2.6702879907247734e-09
316.37809040686244,0.0,500.0,0.0,255,5100000,40,0.015564433299005032,161.72558576842312,0.00019799999999999871,1.6296876544250718,0.5512873985533473,-0.006380873198839806,63.08898425102234,35.609798192977905,98.69878387451172,-5.187988563193358e-07,-3.4809113369504985e-09
311.75685778122045,0.0,500.0,0.0,256,5120000,40,0.015586994588375092,161.44574023000195,0.0001975999999999987,1.0571453083165083,0.5728723104147216,-0.006571497447321581,65.26297378540039,33.95844483375549,99.2214195728302,4.734992842259089e-08,8.392333938900265e-09
317.56822110832076,0.0,500.0,0.0,257,5140000,40,0.012756286188960075,161.16738696850186,0.00019719999999999872,3.57176582983023,0.5842611640220201,-0.0038999148335785287,60.39709496498108,32.127731800079346,92.52482748031616,-1.7166137400437265e-09,-2.861023085110048e-10
311.6594815982219,0.0,500.0,0.0,258,5160000,40,0.016549119725823402,160.89045137007676,0.00019679999999999874,1.6994577143199836,0.5621212775948682,-0.004796343418928688,60.35868000984192,31.880014181137085,92.2386965751648,-1.1754035966760057e-07,-1.2207030941624453e-08
316.26235741286456,0.0,500.0,0.0,259,5180000,1,0.022239703685045242,160.6148625515729,0.00019639999999999873,8.849563387375843,0.671900407422947,0.001554130031314643,62.92059278488159,0.9536309242248535,63.87422704696655,-3.662109548940862e-08,-1.7166137400437265e-09
318.8097930667407,0.0,500.0,0.0,260,5200000,36,0.02561335824429989,160.34055317399427,0.00019599999999999872,3.9809082637733546,0.5565440825981766,-0.0037616698985450093,63.810105323791504,29.294384717941284,93.10449266433716,1.4686584393075464e-08,6.055831835993786e-09
317.3100844220377,0.0,500.0,0.0,261,5220000,7,0.026021985337138176,160.06745926529456,0.0001955999999999987,2.303473584044044,0.7974198817344513,0.001738263220420178,57.997085094451904,5.308151960372925,63.305238485336304,2.565383994124204e-08,-5.722046170220096e-10
318.529329558234,0.0,500.0,0.0,262,5240000,19,0.02082536742091179,159.79552005202984,0.00019519999999999873,4.898794219146007,0.6193918437659145,-0.0016239163483481242,59.02208638191223,14.015093088150024,73.03718042373657,-1.9645691295977485e-08,5.7220459481754915e-09
320.52929263787246,0.0,500.0,0.0,263,5260000,11,0.020591072738170624,159.52467779942833,0.00019479999999999874,1.7371574431760677,0.636621145816612,-0.002172278812419306,61.332624673843384,9.373043775558472,70.70566987991333,-1.907348723406699e-09,1.239776614703203e-09
317.6892902432577,0.0,500.0,0.0,264,5280000,33,0.021482285112142563,159.25487765945692,0.00019439999999999876,2.766306841743829,0.5360117727053957,-0.002229615329307696,63.12351584434509,29.327332973480225,92.45085072517395,-5.41687015243042e-08,6.9141385949933465e-09
317.3949081683315,0.0,500.0,0.0,265,5300000,36,0.02100733481347561,158.98606752648408,0.00019399999999999875,2.5702958727561973,0.4309032311775681,-0.0036822713084837208,69.0504240989685,30.093553066253662,99.14397978782654,2.174377478070255e-08,5.435943695175638e-09
319.8985481880892,0.0,500.0,0.0,266,5320000,35,0.02122073620557785,158.71819790015988,0.00019359999999999877,5.562172855735903,0.5002053940166832,-0.0032156492170631874,64.38238763809204,29.697614908218384,94.08000373840332,-2.6702879907247734e-09,-5.722046170220096e-10
320.0719401162521,0.0,500.0,0.0,267,5340000,20,0.02342180721461773,158.45122175515186,0.00019319999999999876,1.8572679714688771,0.47106802503142176,-0.0019173063275542794,64.08581614494324,16.7112820148468,80.79709935188293,3.3140182154056674e-08,-3.051757735406113e-09
315.8379321558133,0.0,500.0,0.0,268,5360000,2,0.023388169705867767,158.18509441739428,0.00019279999999999875,5.61985722825497,0.6809538814085948,0.00531313816509858,58.37505769729614,1.424647331237793,59.79970598220825,7.057189943537878e-09,-7.629394338515283e-10
318.9011939809454,0.0,500.0,0.0,269,5380000,2,0.027388576418161392,157.91977344652457,0.00019239999999999877,4.932077305980876,0.7262974019292034,0.004681767384474508,58.7589430809021,1.7155346870422363,60.47447872161865,-2.9087066977240283e-08,1.9073485846288207e-10
319.0169584568741,0.0,500.0,0.0,270,5400000,15,0.02171049639582634,157.65521852419835,0.00019199999999999879,2.664321674173894,0.5736328776878646,-0.0029364362148811673,61.759592056274414,13.254320621490479,75.01391386985779,-1.907348723406699e-09,-9.536742923144104e-11
320.2498886084494,0.0,500.0,0.0,271,5420000,1,0.021410001441836357,157.39139134798842,0.0001915999999999988,3.5254267499416687,0.7327626585205899,0.0028881087598591287,61.272706270217896,0.8209242820739746,62.09363126754761,-3.2424927187690855e-09,-3.433227480087453e-09
320.9599148038318,0.0,500.0,0.0,272,5440000,8,0.024222305044531822,157.128255530589,0.00019119999999999882,2.1592238912288146,0.6783220778820636,-0.000595117165394646,61.20153069496155,6.159461736679077,67.36099433898926,-6.866454960174906e-09,1.3351439953623867e-09
314.4917743612067,0.0,500.0,0.0,273,5460000,1,0.021854588761925697,156.86577650405954,0.00019079999999999884,4.015444141400011,0.8207975520363336,0.0023768207241038355,63.4912052154541,0.7516140937805176,64.24282145500183,1.1062621929625038e-08,-3.814697446813398e-09
320.3517043167556,0.0,500.0,0.0,274,5480000,1,0.021322060376405716,156.60392142885658,0.00019039999999999883,4.034283650072315,0.7435116579261007,0.0063923801873115044,67.36487650871277,1.0646724700927734,68.42955112457275,-7.820129432900558e-09,3.814697446813398e-09
319.25797842019495,0.0,500.0,0.0,275,5500000,3,0.021092291921377182,156.34265910741374,0.00018999999999999884,3.432035265592583,0.7308433856893692,0.0008615286881300593,61.3040976524353,2.507841110229492,63.811941385269165,-1.354217538107605e-08,3.814697446813398e-09
312.634438802719,0.0,500.0,0.0,276,5520000,2,0.04556433856487274,156.08195990204305,0.00018959999999999886,4.170880903926077,0.7721117078503476,0.00245090243937094,62.90993595123291,1.631659746170044,64.54159688949585,-2.2888184680880386e-09,5.912780931538464e-09
312.82166590534655,21.7,500.0,0.0,277,5540000,1,0.07066801935434341,156.1472956569409,0.00018919999999999888,5.090948228594623,35.3331084447571,0.01469833252927925,61.72650909423828,1.0924341678619385,62.81894540786743,-4.76837147544984e-09,4.1961669694501325e-08
315.01841914593115,0.0,500.0,0.0,278,5560000,24,0.021738968789577484,155.88221462409388,0.00018879999999999887,2.8103642284492905,3.3616906252654295,-0.014789241982058068,66.84211301803589,20.87282419204712,87.71493887901306,-6.580352707175052e-09,9.155273872352154e-09
313.7743250838858,2.58,500.0,0.0,279,5580000,24,0.020315008237957954,155.65658764288918,0.00018839999999999886,2.488062252632425,13.662546688557175,-0.04355156195339185,64.34560179710388,20.922151565551758,85.2677550315857,4.00543198608716e-09,2.9373168786150927e-08
306.5428595370147,10.32,500.0,0.0,280,5600000,40,0.014500405639410019,155.55172345639286,0.00018799999999999885,1.739197322254694,2.280400544876539,-0.016725901974353325,61.4756064414978,30.559686422348022,92.03529357910156,-1.9836425835251248e-08,2.2888184680880386e-09
313.19770721369684,0.0,500.0,0.0,281,5620000,40,0.016187958419322968,155.2853710335732,0.00018759999999999887,2.148117085612273,1.84067037509212,-0.023214595419018755,61.14237570762634,29.85097646713257,90.99335312843323,4.76837147544984e-09,4.00543198608716e-09
315.3958383103583,0.0,500.0,0.0,282,5640000,40,0.016291720792651176,155.01983623189454,0.00018719999999999886,2.122432569725604,1.7572804491542562,-0.019747743795955956,61.055054903030396,28.51911973953247,89.5741753578186,-4.4345855876315454e-09,-4.1961669694501325e-08
311.64593260402535,0.0,500.0,0.0,283,5660000,32,0.020061427727341652,154.7550781702998,0.00018679999999999888,2.0192014541052563,3.280350912692426,-0.020737766149701384,56.35042977333069,20.416728019714355,76.76715898513794,6.771087690538025e-09,3.280639759850601e-08
316.7987603502557,0.0,500.0,0.0,284,5680000,40,0.014574375934898853,154.49105801178482,0.00018639999999999887,3.6932329916501345,0.6361718614738954,-0.007390570885294023,58.50762867927551,26.904862642288208,85.41249299049377,-2.8610229740877458e-09,-1.993179310488813e-08
316.41751803798195,0.0,500.0,0.0,285,5700000,25,0.020135696977376938,154.22773886119558,0.00018599999999999886,1.649077605567401,0.7034866412530971,-0.012580541959032417,54.68021059036255,18.520925998687744,73.20113754272461,-1.754760781125242e-08,-1.1348724626714102e-08
314.7293442754879,0.0,500.0,0.0,286,5720000,12,0.021321279928088188,153.9650856681358,0.00018559999999999885,2.0406031114391134,0.8759512735004163,-0.004641388181669693,55.54701828956604,8.424503564834595,63.971524238586426,-2.1266936656161306e-08,2.479553229406406e-09
321.01317406444423,0.0,500.0,0.0,287,5740000,38,0.021038398146629333,153.69985875698993,0.00018519999999999884,1.9491513322425793,0.569536724779941,-0.004931171802610133,53.21588110923767,25.716450214385986,78.9323320388794,9.155273872352154e-09,2.00271599304358e-09
319.0101238979578,0.0,500.0,0.0,288,5760000,17,0.02124403975903988,153.43859956914042,0.00018479999999999883,1.5155906995019182,0.5840431821275273,-0.005289526257788096,51.48767948150635,10.963827133178711,62.451507329940796,4.2963026913867e-08,-1.239776614703203e-09
