Metrics/EpRet,Metrics/EpCost,Metrics/EpLen,Metrics/EpSuccess,Train/Epoch,Train/TotalSteps,Train/KL,Loss/Loss_reward_critic,Loss/Loss_cost_critic,Loss/Loss_actor,Time/Rollout,Time/Update,Time/Total,Value/RewardAdv,Value/CostAdv,Misc/Alpha,Misc/FinalStepNorm,Misc/xHx,Misc/gradient_norm,Misc/H_inv_g,Misc/AcceptanceStep
-479.36579143954884,1.5112744243096126,156.5416796776572,0.0,1,20000,0.0069029755,415.44202328821655,0.4251187769138509,-4.692077482104651e-08,15.007304191589355,6.778983116149902,21.78628897666931,5.350112886048919e-08,6.38961772381208e-09,0.35131657123565674,0.2647140324115753,0.16204389929771423,0.2271462380886078,0.753491222858429,1.0
-357.4897652447617,0.8404580152671757,139.77519083969466,0.0,2,40000,0.0064042383,240.12886585794436,0.18798193796567478,8.988380706398402e-09,14.841460466384888,6.531363248825073,21.3728244304657,-1.2207030941624453e-08,-2.3841859042583735e-10,0.4613697826862335,0.282283753156662,0.09395754337310791,0.16553716361522675,0.6118385195732117,1.0
-248.74530703109926,0.8825,115.43333333333334,0.0,3,60000,0.005720485,331.6112001066755,0.2715502570721374,3.2377243996961624e-08,15.341604471206665,8.223674058914185,23.565280437469482,-2.8419494313425275e-08,-5.00678998260895e-10,0.552708089351654,0.3047923445701599,0.0654693990945816,0.12966342270374298,0.5514525771141052,1.0
-281.2454446813235,1.0848148148148147,156.90370370370374,0.0,4,80000,0.0054783453,244.28294374988337,0.28198357995148676,3.261566305923225e-08,17.89883279800415,9.466980457305908,27.365814924240112,-2.7704238902970246e-08,6.055831835993786e-09,0.5478265285491943,0.311966210603714,0.06664135307073593,0.1281249225139618,0.5694616436958313,1.0
-284.5171871337699,0.9806122448979592,184.35765306122448,0.0,5,100000,0.0058296574,170.16408722506966,0.2842824296064817,-1.1563301427486294e-08,17.81079602241516,8.517060279846191,26.327857494354248,1.521110526425673e-08,-3.337859988405967e-10,0.4672146141529083,0.3029271960258484,0.09162144362926483,0.1550641804933548,0.6483684182167053,1.0
-163.13649333786924,1.1589080459770114,125.20172413793102,0.0,6,120000,0.0057328013,255.51590527577005,0.35463003297899937,-1.0296702157575055e-08,15.444912910461426,7.1614930629730225,22.606407165527344,6.529688789669308e-09,-4.959106458812812e-09,0.49584051966667175,0.3021882176399231,0.08134781569242477,0.14593839645385742,0.6094462275505066,1.0
-124.6061239821968,0.7805555555555556,112.7261111111111,0.0,7,140000,0.0055888407,206.08791642401627,0.3021363487099386,2.433061574436124e-08,18.70149302482605,8.729789733886719,27.431284189224243,-3.0899048653054706e-08,-2.9444695570646218e-09,0.5365505218505859,0.30911487340927124,0.0694718211889267,0.13167640566825867,0.5761151313781738,1.0
-92.73689484568506,1.1130434782608696,96.56666666666666,0.0,8,160000,0.00562911,209.8541149503866,0.4726020045910671,-2.088546757761378e-08,16.447874546051025,7.548588037490845,23.996464490890503,2.074241578498004e-08,-2.157688250292722e-09,0.5908669829368591,0.30442166328430176,0.057286251336336136,0.1253388226032257,0.515211820602417,1.0
-90.06395940381694,1.0203488372093026,115.59040697674418,0.0,9,180000,0.005697947,149.22620366090422,0.4486861508648107,1.7070771463068013e-08,15.130119323730469,7.059144735336304,22.18926501274109,-1.0299682884351569e-08,4.768371461572052e-11,0.5718808770179749,0.3043186068534851,0.06115313619375229,0.12735117971897125,0.5321362614631653,1.0
-55.5984219789015,0.9604330708661417,80.17755905511812,0.0,10,200000,0.0061874627,165.55854412005965,0.43025621475212894,-1.2588500908350397e-08,16.279754161834717,6.8364598751068115,23.116214990615845,1.5354157056890472e-08,2.6702879907247734e-09,0.5291155576705933,0.29276442527770996,0.07143792510032654,0.14157292246818542,0.5533090233802795,1.0
-56.8695637907514,0.9118483412322277,93.51990521327015,0.0,11,220000,0.006244177,113.60846185623461,0.3708443296420726,1.3041496771393213e-08,15.27152132987976,6.975980997085571,22.247504472732544,-1.3518333119577619e-08,-2.717971847587819e-09,0.48677077889442444,0.28875043988227844,0.08440748602151871,0.1576288640499115,0.5931958556175232,1.0
-35.9048053940326,0.7810104529616724,70.87386759581881,0.0,12,240000,0.0063899136,114.61324667475026,0.36114520929326677,2.40802755513414e-08,15.261293888092041,6.520657300949097,21.781951904296875,-1.7833709620163063e-08,2.574920721087892e-09,0.5306852459907532,0.28872767090797424,0.07101595401763916,0.14687992632389069,0.5440658330917358,1.0
-29.84938251784812,0.8859913793103448,80.78318965517244,0.0,13,260000,0.006280361,79.81430166451035,0.34468341721281126,1.5401839803530493e-08,18.180052280426025,7.68894362449646,25.86899733543396,-1.0633468328080653e-08,5.245208711812666e-10,0.5121853351593018,0.286279559135437,0.0762387290596962,0.15320782363414764,0.5589374303817749,1.0
-31.250695694561117,0.8804812834224598,105.72727272727273,0.0,14,280000,0.006421873,53.93722623715735,0.30127412801620307,2.1791457527342573e-08,16.162458419799805,7.078137636184692,23.240597248077393,-1.363754265071293e-08,-1.00135799652179e-09,0.4517737329006195,0.2825424373149872,0.09799141436815262,0.17254328727722168,0.6254069209098816,1.0
-17.48702704424614,1.0216666666666667,89.96687500000002,0.0,15,300000,0.006370237,54.97302189602214,0.5123731564327031,1.0967253771809737e-09,15.168103456497192,6.906870365142822,22.074974536895752,2.5033950468156263e-09,0.0,0.4699636697769165,0.2821991741657257,0.09055270254611969,0.17148926854133606,0.600470244884491,1.0
-8.223171783697772,1.3402390438247012,77.68565737051792,0.0,16,320000,0.0065456238,61.31342361474493,0.8309027868186593,-2.074241667315846e-09,15.32467269897461,8.363712787628174,23.6883864402771,-4.0531160649948106e-09,-3.528594971768939e-09,0.49188461899757385,0.275114506483078,0.08266153186559677,0.16841712594032288,0.5593071579933167,1.0
3.5368723121449315,1.1048936170212764,84.56744680851064,0.0,17,340000,0.00668815,47.35454512189148,0.6250595457329872,3.2472609490241666e-08,15.220927953720093,7.2242255210876465,22.445154666900635,-2.4271011866972003e-08,7.915496702537439e-09,0.46742236614227295,0.2682563066482544,0.09154000878334045,0.1897764950990677,0.5739056468009949,1.0
11.277638377902713,1.1099537037037037,95.06851851851853,0.0,18,360000,0.006588417,44.16043236847896,0.46728632624741573,-3.376007029487482e-08,16.52496647834778,7.260980844497681,23.78594946861267,3.941059034673344e-08,1.4305114870438729e-09,0.5033504962921143,0.27472156286239624,0.07893852144479752,0.17219780385494232,0.5457857847213745,1.0
17.690345277087225,1.0573979591836735,100.36275510204082,0.0,19,380000,0.006831431,43.01192796670707,0.404518283504969,7.872581164747317e-08,15.082055807113647,6.363812685012817,21.445869207382202,-8.063316414563815e-08,-1.5258788677030566e-09,0.45699572563171387,0.2649462819099426,0.09576474130153656,0.19419100880622864,0.5797567367553711,1.0
34.327457837471876,1.3812883435582821,119.59018404907974,0.0,20,400000,0.0066985735,39.983251497548096,0.5122316352643405,-3.533363468477546e-08,15.147740602493286,6.343179941177368,21.49092149734497,3.681183002868238e-08,2.5272368642248466e-09,0.4342845380306244,0.2711562216281891,0.10604280233383179,0.19826580584049225,0.6243745684623718,1.0
49.69628741550257,1.9379310344827583,135.48655172413794,0.0,21,420000,0.006810991,50.91479156396951,0.6341963872028764,8.983612076463032e-08,14.930768251419067,6.507736444473267,21.438507318496704,-9.112358156926348e-08,-1.3351439953623867e-09,0.4866876006126404,0.2631101608276367,0.0844363421201706,0.1860417276620865,0.5406140685081482,1.0
66.96573080995259,1.422685185185185,181.44907407407408,0.0,22,440000,0.006995642,40.32337067840965,0.37099750458150155,-1.6570091077028337e-08,15.01446008682251,6.145790338516235,21.160251140594482,1.3208389049168545e-08,-1.7404556684752492e-09,0.46257367730140686,0.26075035333633423,0.09346912056207657,0.1984870731830597,0.5636947154998779,1.0
100.53379037532143,1.9012658227848096,256.3348101265823,0.0,23,460000,0.0069303894,32.03906488297092,0.36227164083178254,-1.9526481764842174e-08,15.029566764831543,7.2259392738342285,22.255506992340088,1.9836425835251248e-08,1.5020370502938363e-09,0.44386398792266846,0.2632414996623993,0.10151498764753342,0.21027928590774536,0.5930679440498352,1.0
124.45649746741483,2.3740506329113917,235.3183544303797,0.0,24,480000,0.006944769,47.670408454214694,0.41477074195530006,-2.4461746406245766e-08,14.896002769470215,6.74972939491272,21.64573311805725,1.9836425835251248e-08,-1.835823049134433e-09,0.5003829598426819,0.2607009708881378,0.07987760007381439,0.1842288225889206,0.5210029482841492,1.0
162.4708414892708,1.9429687500000001,326.8078125,0.0,25,500000,0.0070455023,43.50965040656412,0.18521513633999476,4.9304961891039056e-08,15.720388650894165,6.641070365905762,22.3614604473114,-5.0878526280939695e-08,-8.344650526126429e-10,0.4443120062351227,0.2515077590942383,0.1013103574514389,0.2214013636112213,0.5660611391067505,1.0
192.14688418587681,1.4358490566037732,353.72924528301877,0.0,26,520000,0.0067930673,38.09187831271226,0.14643355306641312,-3.814697180359872e-08,15.0750732421875,6.4298834800720215,21.504957675933838,3.604888831887365e-08,-1.430511542555024e-10,0.4911496341228485,0.257915735244751,0.08290911465883255,0.20380763709545135,0.5251265168190002,1.0
190.08223572871347,0.8500000000000001,364.79913793103447,0.0,27,540000,0.0065865098,45.85094773966795,0.1445047579136244,3.4093858403139166e-08,14.958609342575073,6.420724630355835,21.37933611869812,-1.9741058565614367e-08,9.775162013170302e-09,0.4977833330631256,0.27091309428215027,0.08071406930685043,0.1970999538898468,0.5442389845848083,1.0
264.41994970340374,1.6676470588235295,462.13529411764705,0.0,28,560000,0.0069191987,43.26987111279919,0.0906544780417992,8.821487429422348e-10,15.111737728118896,6.424044370651245,21.535783052444458,-7.629394338515283e-10,2.0146369017481902e-09,0.524623453617096,0.26328322291374207,0.07266654074192047,0.20239649713039398,0.5018516778945923,1.0
333.6838166939627,1.0666666666666669,580.8583333333333,0.0,29,580000,0.006963347,45.17709869093196,0.05514068729926352,-2.877712290683121e-08,15.280627965927124,6.643925905227661,21.9245548248291,3.02314759892397e-08,7.15255771277512e-11,0.47761082649230957,0.2589433789253235,0.08767618238925934,0.21640241146087646,0.5421639680862427,1.0
351.1503530292254,1.0539473684210525,518.2605263157897,0.0,30,600000,0.0070908186,54.28316922400408,0.045999775907012874,4.098415473663408e-08,14.9146249294281,6.7046356201171875,21.619261264801025,-4.1151047014409414e-08,-1.9073485846288207e-10,0.4827791154384613,0.24900171160697937,0.08580902218818665,0.23520857095718384,0.5157673954963684,1.0
405.92260410390304,1.4537499999999999,559.1424999999999,0.0,31,620000,0.0070131174,58.44723098900668,0.118164193175828,-2.5153159555202365e-09,15.095642328262329,6.405105829238892,21.500749349594116,4.00543198608716e-09,-1.1444092340440193e-09,0.4794827401638031,0.25695639848709106,0.08699293434619904,0.22850346565246582,0.5359033942222595,1.0
409.34175597558925,2.4428571428571426,550.7696428571429,0.0,32,640000,0.0071207564,45.74601480277481,0.09721859206036208,-1.4877319820527646e-08,14.98401665687561,6.450955867767334,21.43497323989868,1.2397766369076635e-08,2.3841859042583735e-10,0.48490673303604126,0.2578951120376587,0.08505767583847046,0.23397240042686462,0.5318447351455688,1.0
517.6056627345024,1.8116666666666665,703.4999999999998,0.0,33,660000,0.0073693558,49.157620326728576,0.052516082991033226,-2.21133245048577e-08,14.916937589645386,6.796458959579468,21.71339774131775,2.2220611128886958e-08,-3.4809113369504985e-09,0.43652963638305664,0.2485962212085724,0.10495483875274658,0.25416630506515503,0.5694829225540161,1.0
686.1569567772036,1.828,807.534,0.0,34,680000,0.0073500914,45.21216750418304,0.08247140149591835,5.793571844492362e-09,14.795658826828003,6.476028203964233,21.271687746047974,-8.440017573718706e-09,-5.245208711812666e-10,0.46067556738853455,0.24464356899261475,0.0942409336566925,0.2449430674314499,0.531053900718689,1.0
713.9335113764697,1.7700000000000002,802.6799999999998,0.0,35,700000,0.0068632555,44.06232629581621,0.07219629889460885,4.0042397841943966e-08,15.409361600875854,6.4119627475738525,21.821325540542603,-4.5204163967582645e-08,5.125999624766564e-10,0.5060749650001526,0.2655084431171417,0.07809087634086609,0.21469508111476898,0.5246425867080688,1.0
619.3828397380936,2.353333333333333,633.6700000000001,0.0,36,720000,0.00712513,64.90797004578219,0.11570877018651575,-3.52859501617786e-08,15.12492823600769,6.377096652984619,21.502025842666626,3.461837749796359e-08,4.768371461572052e-11,0.44528064131736755,0.254506915807724,0.10087007284164429,0.2704170048236847,0.5715653300285339,1.0
702.1052651466682,2.8016666666666667,687.1133333333333,0.0,37,740000,0.0070657404,72.46240302164843,0.16098579743010982,-4.816055465539648e-08,15.006473064422607,6.533902168273926,21.540376663208008,4.2915345943583816e-08,7.15255771277512e-11,0.4663119912147522,0.25382915139198303,0.09197647869586945,0.279255747795105,0.544333279132843,1.0
730.5691924825038,4.7629032258064505,686.3645161290323,0.0,38,760000,0.0072176363,75.57138645026335,0.32329060455226594,-2.3555754680160135e-08,15.03098440170288,7.547348737716675,22.578334093093872,2.555847089524832e-08,2.956390465769232e-09,0.4798750877380371,0.2486356496810913,0.08685074001550674,0.25554418563842773,0.5181257128715515,1.0
793.1264780005857,5.156000000000001,722.51,0.0,39,780000,0.0071361144,62.37999763731744,0.24535504570290162,8.106232129989621e-09,15.116623163223267,6.495273590087891,21.61189889907837,-1.3113021779531664e-08,-1.6212463593845428e-09,0.4681156873703003,0.25511541962623596,0.09126906096935272,0.29007014632225037,0.5449836850166321,1.0
844.2816672175119,6.5839285714285705,729.8035714285713,0.0,40,800000,0.0068060965,77.47501643964439,0.43741404569595105,-1.1134147825941909e-08,15.061219930648804,6.404694557189941,21.46591544151306,8.487701208537146e-09,-4.768371461572052e-11,0.4645950496196747,0.2657647430896759,0.09265755116939545,0.2727634012699127,0.5720351934432983,1.0
913.0120256528708,9.907407407407407,751.9166666666665,0.0,41,820000,0.0071125734,89.89945020979377,0.470371120394605,-8.84532980194308e-09,14.98811650276184,6.37556004524231,21.363677501678467,2.479553229406406e-09,5.125999624766564e-10,0.44196754693984985,0.2526914179325104,0.10238802433013916,0.31058499217033386,0.571742057800293,1.0
836.2017098289112,8.798214285714286,717.4714285714283,0.0,42,840000,0.0064811492,78.35631930114357,0.38419668812091184,-9.477138185332024e-09,15.046855688095093,6.457086801528931,21.50394368171692,8.487701208537146e-09,-1.931190540815919e-09,0.4601517617702484,0.2729576528072357,0.09445560723543167,0.2594243586063385,0.593190610408783,1.0
875.2904919718052,9.801923076923076,721.1769230769233,0.0,43,860000,0.007312708,67.72835061504583,0.50182439746086,1.0275840622853138e-08,15.038467407226562,6.532561302185059,21.571030616760254,-1.478195232884616e-09,5.102157807357344e-09,0.4119010865688324,0.2462817132472992,0.11788106709718704,0.3089572489261627,0.5979145765304565,1.0
1054.0895523667793,13.551999999999998,806.016,0.0,44,880000,0.0071838885,80.0891055331868,0.6908126140950591,-1.6307829753259284e-08,15.062793493270874,6.615411281585693,21.678205728530884,3.3378602104505717e-09,-7.629394893626795e-09,0.4038672149181366,0.24849960207939148,0.12261758744716644,0.3871043920516968,0.6153002381324768,1.0
1176.1915575826556,18.691304347826087,850.9108695652175,0.0,45,900000,0.0070077386,74.52557879891366,0.9056252155713974,6.920099338003638e-08,15.033047676086426,6.863452434539795,21.896500825881958,-5.058049978856616e-08,1.2588500908350397e-08,0.4043305814266205,0.24554860591888428,0.1223367229104042,0.4007222056388855,0.6072965264320374,1.0
1207.1922745070206,23.860416666666666,837.3854166666666,0.0,46,920000,0.0070873215,80.13883201696311,1.2157164047667934,-1.2588501796528817e-08,14.837113618850708,6.608412742614746,21.44552731513977,2.5939941750152684e-08,1.8167495952070567e-08,0.4201478362083435,0.25359195470809937,0.11329890042543411,0.3474142849445343,0.6035779118537903,1.0
1154.9458767902931,35.96206896551724,729.5793103448277,0.0,47,940000,0.00758893,146.12659036672798,2.609823566561292,1.7833709620163063e-08,14.915946960449219,6.460616827011108,21.376564979553223,-2.470016546851639e-08,-1.2588500908350397e-08,0.4353494644165039,0.21178525686264038,0.10552465915679932,0.40637192130088806,0.5886114835739136,1.0
1264.6414847450494,30.12826086956522,805.9217391304346,0.0,48,960000,0.007610082,86.4697634435763,1.0055257170443321,-1.3780593555168252e-08,14.809346199035645,6.3412299156188965,21.150577306747437,2.0217894913798773e-08,6.294250454175199e-09,0.4024433493614197,0.20407746732234955,0.12348676472902298,0.39971596002578735,0.626319944858551,1.0
1361.2009795756271,13.66904761904762,937.2190476190475,0.0,49,980000,0.008472909,42.336670469782156,0.2572937869674461,-1.125335735707722e-08,14.871543645858765,6.507117509841919,21.378662586212158,1.3208389049168545e-08,2.574920721087892e-09,0.31967371702194214,0.20195984840393066,0.1957113891839981,0.5884748101234436,0.6317687034606934,1.0
1311.390330555781,10.654761904761905,927.2476190476189,0.0,50,1000000,0.0074450173,67.33921446344655,0.5671520174214035,-2.5320053609334536e-08,14.77847933769226,6.231499910354614,21.009979963302612,2.231597839852384e-08,-4.577636936176077e-09,0.38850992918014526,0.24717538058757782,0.13250300288200378,0.39944660663604736,0.6362137198448181,1.0
1174.4443304285276,11.616666666666665,968.842857142857,0.0,51,1020000,0.0068746977,43.83496599440362,0.2306622753074025,2.956390465769232e-09,15.195006608963013,6.488735914230347,21.683743476867676,-3.3378602104505717e-09,1.9788741756343597e-09,0.3987692892551422,0.2556992769241333,0.12577272951602936,0.36400383710861206,0.6412211060523987,1.0
876.0613390881982,6.249999999999999,903.9340909090911,0.0,52,1040000,0.006832338,60.16296518289359,0.42809784969042064,-8.583068700218632e-10,15.204617500305176,6.11465311050415,21.319272756576538,1.7166137400437265e-09,-6.675719976811934e-10,0.4149812161922455,0.25773152709007263,0.11613766849040985,0.41249024868011475,0.6210680603981018,1.0
1129.1150600753701,9.819047619047618,949.7380952380952,0.0,53,1060000,0.0069599426,58.55629932379267,0.3550992594735258,2.813339339269305e-09,15.214076519012451,6.347024917602539,21.561102390289307,2.574920721087892e-09,-1.3351439953623867e-09,0.3923105299472809,0.25414007902145386,0.12994813919067383,0.4406886696815491,0.6478033065795898,1.0
1230.5943190041373,12.09047619047619,949.9452380952379,0.0,54,1080000,0.007001755,70.94855502061783,0.6321374102287991,1.8930435885522456e-08,15.040507078170776,6.255047798156738,21.29555583000183,-7.772445798082117e-09,1.6212463593845428e-09,0.406042218208313,0.25392019748687744,0.12130747735500336,0.4611380696296692,0.6253542304039001,1.0
1309.5793435393066,22.53571428571429,972.2833333333338,0.0,55,1100000,0.0069208327,63.04377493159786,0.8861335719372057,3.5667419240326126e-08,15.327197790145874,6.265780210494995,21.592978715896606,-2.6702881683604573e-08,6.675720420901143e-09,0.39313891530036926,0.2613483965396881,0.1294010579586029,0.3433436155319214,0.6647737622261047,1.0
1393.6137523204811,27.044999999999998,974.6125,0.0,56,1120000,0.0072227623,66.43892003563559,1.4548109584553226,7.390975609311567e-10,15.183855772018433,6.28415322303772,21.46800971031189,3.576278717609682e-10,2.574920721087892e-09,0.3998923897743225,0.23279723525047302,0.12506726384162903,0.4833487570285797,0.6227672696113586,1.0
1528.1175495652915,26.4675,1000.0,0.0,57,1140000,0.0076912874,61.95854849481279,0.6520884975790977,-2.574920721087892e-09,15.093134641647339,6.463620662689209,21.556756496429443,2.1934509764065524e-09,-1.7642974858844696e-09,0.38115400075912476,0.20789650082588196,0.1376667320728302,0.5242219567298889,0.6230889558792114,1.0
1449.3277176853435,9.96,1000.0,0.0,58,1160000,0.0077147027,40.982159488216325,0.14352131755963252,3.153085614826523e-08,15.03076457977295,6.413878917694092,21.444645643234253,-8.535384843355587e-09,1.9717216304115937e-08,0.39530208706855774,0.22890135645866394,0.12798872590065002,0.4907667934894562,0.5790542364120483,1.0
1474.6581119514701,8.030000000000001,1000.0,0.0,59,1180000,0.0074115815,38.23697260109482,0.32963785497341186,1.1873244609716949e-08,15.067280292510986,6.296088933944702,21.363369941711426,-1.7786026873523042e-08,-3.1471252270875993e-09,0.38501086831092834,0.24423758685588837,0.1349223554134369,0.45746320486068726,0.6343653798103333,1.0
1602.981206735024,17.6475,1000.0,0.0,60,1200000,0.007367728,47.21001162680851,0.7554310074657392,4.0507316612092836e-08,15.232933759689331,6.208072185516357,21.441006898880005,-3.299713213777977e-08,1.645088176793763e-09,0.3926220238208771,0.2451382726430893,0.12974199652671814,0.4501190185546875,0.624362051486969,1.0
1587.4992803524083,32.775,955.9909090909094,0.0,61,1220000,0.007826839,62.5992556225722,1.6436371532595082,-6.19888282926695e-08,14.84386420249939,6.2255542278289795,21.069419145584106,4.701614386704023e-08,-2.4604798198879507e-08,0.3449796736240387,0.20495446026325226,0.16805171966552734,0.5219990611076355,0.7254546880722046,1.0
1658.1191810911507,30.2075,958.3599999999999,0.0,62,1240000,0.0073197098,48.63700778013582,0.5035757377079338,-7.629394893626795e-09,14.826865911483765,6.284133195877075,21.111000061035156,0.0,-7.820129432900558e-09,0.38540729880332947,0.23221470415592194,0.13464495539665222,0.45821520686149597,0.6437860727310181,1.0
1578.9712822271358,8.307500000000001,1000.0,0.0,63,1260000,0.008016997,34.17202830223521,0.18728869256984657,-1.6975402417074292e-08,15.046119928359985,6.342070817947388,21.38819146156311,1.6212463593845428e-09,-1.1110305564443479e-08,0.3509189188480377,0.218258336186409,0.16241133213043213,0.6053386926651001,0.621962308883667,1.0
1558.8737571715424,7.227499999999999,1000.0,0.0,64,1280000,0.0075133913,36.24049317912691,0.2330762251974291,1.7857551881661493e-08,15.154595136642456,6.479699373245239,21.634296655654907,-1.6498566068889886e-08,-2.7656554824062596e-09,0.35980290174484253,0.24125495553016663,0.15449008345603943,0.48224902153015137,0.6705197691917419,1.0
1684.9741194133398,20.182499999999997,983.7399999999998,0.0,65,1300000,0.00751239,47.65992095364127,0.6046322686087554,-4.229545425005199e-08,14.941699028015137,6.370227575302124,21.311930179595947,3.2377243996961624e-08,-3.862381081631838e-09,0.3664804995059967,0.23434029519557953,0.1489114761352539,0.46523624658584595,0.6394345164299011,1.0
1805.9457446376953,29.72,975.61,0.0,66,1320000,0.008006867,42.349504134305725,1.1093258059138704,1.2302399099439754e-08,15.25820016860962,6.425390720367432,21.683592081069946,1.8119812317252126e-09,1.668930060816365e-08,0.37200498580932617,0.1964103728532791,0.14452150464057922,0.5136059522628784,0.637662947177887,1.0
1843.053287397038,26.640000000000004,1000.0,0.0,67,1340000,0.0075900205,38.43597547689061,0.3932407277499794,-1.9454956756703723e-08,15.079379320144653,6.36871337890625,21.44809365272522,1.5354157056890472e-08,-1.6689301052252858e-09,0.33793044090270996,0.21368275582790375,0.17513594031333923,0.6123385429382324,0.6863926649093628,1.0
1672.425489250969,7.400000000000001,1000.0,0.0,68,1360000,0.0080305645,31.065611366709327,0.0972785666276505,-1.3947486721122004e-08,15.094749450683594,6.309891700744629,21.40464210510254,6.38961772381208e-09,-9.346008411625917e-09,0.3295447528362274,0.22013378143310547,0.18416249752044678,0.6690547466278076,0.6679936051368713,1.0
1691.4554442351239,7.254761904761906,969.4500000000004,0.0,69,1380000,0.007572696,29.690486963843085,0.22751672147375762,3.433227702132058e-09,15.046571254730225,6.35902738571167,21.40559959411621,-5.292892346631106e-09,-4.303455369836229e-09,0.31537872552871704,0.23058359324932098,0.20107826590538025,0.7713534235954285,0.7311323285102844,1.0
1833.6271323635142,15.6925,982.7275000000002,0.0,70,1400000,0.0075544273,30.505117913264378,0.3671054537793633,3.1471252270875993e-09,14.924937963485718,6.358914136886597,21.283854484558105,-6.008148201175345e-09,-9.775161791125697e-10,0.34407031536102295,0.23392705619335175,0.1689411848783493,0.5448623895645142,0.6798815727233887,1.0
1983.250083231994,30.692499999999995,1000.0,0.0,71,1420000,0.0078550195,37.2274111668775,0.7854890655180451,-3.6239624634504253e-09,15.160777807235718,6.451166152954102,21.611944913864136,-1.201629640235069e-08,-1.3685226285531371e-08,0.349141925573349,0.19575504958629608,0.1640687733888626,0.5646417737007141,0.6619990468025208,1.0
1953.443413603586,27.522499999999997,1000.0,0.0,72,1440000,0.007880661,32.57506972513381,0.3796121079166224,1.1348724626714102e-08,15.030933141708374,6.394629001617432,21.425563097000122,-1.76429750808893e-08,-2.813339339269305e-09,0.36904075741767883,0.20503175258636475,0.14685246348381042,0.47962960600852966,0.6535407900810242,1.0
1878.9020225486354,11.330000000000002,1000.0,0.0,73,1460000,0.00796721,33.12139322135099,0.12481561477064707,6.2942508982644085e-09,15.1741201877594,6.321552753448486,21.495673894882202,-3.6239624634504253e-09,8.106232129989621e-09,0.36089497804641724,0.22099818289279938,0.15355652570724487,0.5467888116836548,0.612361490726471,1.0
1870.244285303109,6.43,1000.0,0.0,74,1480000,0.007792775,39.93012393659847,0.1490534366933024,2.574920721087892e-09,15.149192571640015,6.284172296524048,21.433366060256958,-4.959106458812812e-09,-6.031990018584565e-09,0.36508700251579285,0.22830696403980255,0.15005041658878326,0.618019163608551,0.6253494024276733,1.0
1997.5268434054094,13.682500000000001,1000.0,0.0,75,1500000,0.008081023,32.023077651953244,0.28687259629368783,2.4580954161024238e-08,14.956908702850342,6.422796249389648,21.379705905914307,-2.6130676289426447e-08,-2.336502102906479e-09,0.34974411129951477,0.21652603149414062,0.16350428760051727,0.6607006192207336,0.6190983653068542,1.0
2092.7383163991335,24.7425,1000.0,0.0,76,1520000,0.0080780415,31.691968075940565,0.5626992348273089,1.3327598580303857e-08,14.920084238052368,6.123069763183594,21.04315495491028,-2.3841858265427618e-08,-4.4345855876315454e-09,0.36168360710144043,0.21303319931030273,0.15288759768009186,0.8101176619529724,0.5890042781829834,1.0
2184.1663539298365,46.51,1000.0,0.0,77,1540000,0.008185662,27.298021352974473,1.3194040783651315,6.115436690379283e-08,14.959208250045776,6.493758916854858,21.452967882156372,-3.058910280628879e-08,4.100799699813251e-08,0.3641650974750519,0.18983924388885498,0.150811105966568,0.6943466067314148,0.6273016929626465,1.0
2203.610046186929,48.12749999999999,1000.0,0.0,78,1560000,0.0080079725,34.75567585647486,0.5414472476881781,1.0204315614714687e-08,15.002824306488037,6.543832063674927,21.54665732383728,-1.8119811429073707e-08,6.675719976811934e-10,0.3599575459957123,0.20232966542243958,0.15435737371444702,0.6950305104255676,0.6107719540596008,1.0
2102.1310096787065,16.259999999999998,1000.0,0.0,79,1580000,0.007990272,25.125996326640912,0.1688737763625801,-1.2350082734258194e-08,15.11598515510559,6.413660764694214,21.529646635055542,2.00271599304358e-09,-6.246566819356758e-09,0.3667270243167877,0.21791616082191467,0.14871133863925934,0.7363547086715698,0.5942190289497375,1.0
2081.545024984071,12.3925,1000.0,0.0,80,1600000,0.008150282,23.519703650626408,0.2711253967064961,-2.145767119543507e-09,14.931433916091919,6.352414846420288,21.283849716186523,-9.536743617033494e-10,-6.1988831845383174e-09,0.3470017611980438,0.21296752989292145,0.16609883308410645,0.7538225650787354,0.6137363314628601,1.0
2190.2897778387355,24.225,1000.0,0.0,81,1620000,0.0078972,23.52665398287925,0.5002092612397139,1.2588500908350397e-08,14.96682333946228,6.468769550323486,21.43559503555298,3.051757735406113e-09,1.0299682884351569e-08,0.35842302441596985,0.22287821769714355,0.15568190813064575,0.6871944069862366,0.6218301057815552,1.0
2307.193601671722,44.959999999999994,1000.0,0.0,82,1640000,0.008350064,27.550400472142893,0.8800154416044806,2.4509429152885787e-08,14.980244159698486,6.264420032501221,21.244665384292603,-1.2207030941624453e-08,1.4257430791531078e-08,0.3627563714981079,0.178087055683136,0.15198469161987305,0.7016817927360535,0.6593964099884033,1.0
2269.532812071509,40.580000000000005,1000.0,0.0,83,1660000,0.008584962,17.774767064137063,0.3761339070785577,1.8572807292116522e-08,15.035340070724487,6.257784128189087,21.29312515258789,-1.5020370724982968e-08,1.7046928313391163e-09,0.31059712171554565,0.17517799139022827,0.20731708407402039,1.0497839450836182,0.6381933689117432,1.0
2194.060152265423,14.035,1000.0,0.0,84,1680000,0.008325048,18.193572975571747,0.11348618995754202,-6.580353151264262e-09,15.10075569152832,6.223915338516235,21.324671745300293,3.814697446813398e-09,1.7166137400437265e-09,0.3323652446269989,0.20411846041679382,0.18105009198188782,1.018425464630127,0.6141390204429626,1.0
2188.204221611033,10.3975,1000.0,0.0,85,1700000,0.008539235,14.45468207954601,0.23090871827570117,2.6988983492515217e-08,15.05069375038147,6.278003454208374,21.32869791984558,-1.5640258865801115e-08,8.153915764808062e-09,0.3046639859676361,0.1914171725511551,0.21547043323516846,1.1452628374099731,0.6282892227172852,1.0
2306.3291659292836,24.382499999999997,1000.0,0.0,86,1720000,0.008640344,13.90586198879655,0.5098780214786529,-2.6893614446521497e-08,14.900922060012817,6.456251621246338,21.35717487335205,3.185272134942352e-08,2.0122527644161892e-08,0.30776822566986084,0.19583116471767426,0.2111457884311676,1.268418788909912,0.6362941265106201,1.0
2422.971275641833,52.7525,1000.0,0.0,87,1740000,0.008785052,18.726533281119767,1.1028654080287665,1.8119816758144225e-09,14.83735990524292,6.5285491943359375,21.365910053253174,-3.0708314113780943e-08,-2.2983551062338847e-08,0.34747999906539917,0.16913510859012604,0.1656419336795807,1.0093638896942139,0.6004573702812195,1.0
2421.7419309263314,53.675,1000.0,0.0,88,1760000,0.008796292,14.147288553274361,0.5475597348752295,2.737045434741958e-08,14.875566959381104,6.5567467212677,21.43231463432312,-2.39372255350645e-08,3.4213065713828428e-09,0.3211999833583832,0.16852089762687683,0.193855881690979,1.133327841758728,0.631105899810791,1.0
2320.9619584466463,20.8125,1000.0,0.0,89,1780000,0.008565213,11.443693038916132,0.16237590455325546,-1.9073489454513037e-09,14.98134732246399,6.337945938110352,21.319294214248657,-8.106232129989621e-09,-1.7976761412796805e-08,0.2758025825023651,0.18474267423152924,0.2629258930683136,1.5068604946136475,0.6698366403579712,1.0
2324.6133129883783,18.755000000000003,1000.0,0.0,90,1800000,0.008687458,12.647824661898765,0.3473152011917655,-3.8838386728912155e-08,14.921141147613525,6.557489633560181,21.478633403778076,3.929138259195497e-08,-2.956390465769232e-09,0.3178015351295471,0.18717238306999207,0.19802406430244446,1.4407862424850464,0.5889601111412048,1.0
2435.289996241386,41.730000000000004,1000.0,0.0,91,1820000,0.009310737,15.913682796696948,0.7662520845035079,3.69071990746761e-08,14.897010087966919,6.40275764465332,21.29977011680603,2.651214536797397e-08,6.017685194592559e-08,0.32204148173332214,0.1616528183221817,0.19284406304359436,1.1293967962265015,0.6422997713088989,1.0
2445.387085996236,40.019999999999996,1000.0,0.0,92,1840000,0.008720204,12.434858039078438,0.35472781108632967,2.7799606172607128e-08,14.881986141204834,6.288493394851685,21.170480489730835,-2.1171569386524425e-08,6.723404055719584e-09,0.30084922909736633,0.17350837588310242,0.22096940875053406,1.1301140785217285,0.6481629610061646,1.0
2342.059907129255,14.610000000000003,1000.0,0.0,93,1860000,0.0084203975,13.940543125237628,0.11980386656370892,2.6202201297564898e-08,14.932793378829956,6.141319751739502,21.074114561080933,-1.0490417423625331e-08,1.3804435816666683e-08,0.3008812963962555,0.19532012939453125,0.2209222912788391,1.4859862327575684,0.6491601467132568,1.0
2322.3865141804426,10.715,1000.0,0.0,94,1880000,0.008427156,14.30763949224144,0.18919521945107515,3.3092497631059814e-08,14.873025894165039,6.326290607452393,21.19931721687317,-1.5830993405074878e-08,1.678466787780053e-08,0.3386210501194,0.19904576241970062,0.17442232370376587,1.13449227809906,0.5878126621246338,1.0
2430.5828732291275,24.562499999999996,1000.0,0.0,95,1900000,0.008260405,12.430294014390107,0.4078275000498553,7.805824964179919e-08,14.858664274215698,6.278720855712891,21.137386083602905,-6.418228082338828e-08,8.106232129989621e-09,0.30108532309532166,0.2058277577161789,0.22062301635742188,1.124131679534912,0.6836192607879639,1.0
2525.042163374661,44.705,1000.0,0.0,96,1920000,0.009141313,16.586632689093328,0.6822327535623198,-4.243851492446993e-09,14.84498929977417,6.3326404094696045,21.17763042449951,-6.313324263373943e-08,-4.8351289194670244e-08,0.36593928933143616,0.14985622465610504,0.1493522822856903,1.1181535720825195,0.5242148637771606,1.0
2545.553034964141,42.46750000000001,1000.0,0.0,97,1940000,0.009409612,15.43056631209744,0.34030019074298773,-4.181861967822442e-08,14.91228699684143,6.462680816650391,21.374969959259033,3.9577482624508775e-08,-3.19480886190604e-09,0.3609381914138794,0.15862321853637695,0.15351974964141846,1.1427819728851318,0.5340759754180908,1.0
2432.3780184317734,16.1025,1000.0,0.0,98,1960000,0.008714555,11.884729476491357,0.13558299968814014,2.2292141466095927e-09,14.92737364768982,6.319350957870483,21.2467257976532,-5.435943695175638e-09,-1.3232231310666975e-08,0.315580815076828,0.1753927618265152,0.20082083344459534,1.4141361713409424,0.5557776689529419,1.0
2427.775178172395,12.33,1000.0,0.0,99,1980000,0.008555396,10.358838501401767,0.18626572614072995,8.440017573718706e-09,14.925677061080933,6.248548984527588,21.174227714538574,-8.296966669263384e-09,-5.3286552947895416e-09,0.3160845935344696,0.18631789088249207,0.20018118619918823,1.4059746265411377,0.5894556641578674,1.0
2541.7561064890006,28.872499999999995,1000.0,0.0,100,2000000,0.009276682,10.106578743381865,0.4211646064926105,-1.0604858857732324e-07,14.85660696029663,6.354776382446289,21.21138644218445,8.373260840244257e-08,-2.6655197160607713e-08,0.343392014503479,0.1439172774553299,0.16960926353931427,1.3467094898223877,0.5174170136451721,1.0
2095.774394101679,18.755000000000003,1000.0,0.0,101,2020000,0.008571172,15.507845652027495,0.02680581843800795,4.7683634818440623e-11,14.76765751838684,6.4026312828063965,21.17029070854187,4.482269222449986e-09,4.3630601354038845e-09,0.340191125869751,0.16058246791362762,0.17281600832939148,1.5187345743179321,0.4720360040664673,1.0
1642.8479875866633,0.27749999999999997,1000.0,0.0,102,2040000,0.009136616,11.929537724233736,0.024994769184642537,-3.986120304944052e-07,14.809453964233398,6.441298723220825,21.25075340270996,3.8986206618574215e-07,-1.8596648665436533e-09,0.2557866871356964,0.13856352865695953,0.30568498373031616,2.3260867595672607,0.5417152047157288,1.0
1817.0303254313233,0.6450000000000001,1000.0,0.0,103,2060000,0.009355369,8.858376448017776,0.02207758546700096,9.967684633238605e-08,14.78894567489624,6.335976600646973,21.12492299079895,-7.20977766377473e-08,3.3700466417485586e-08,0.24824628233909607,0.13324573636054993,0.3245371878147125,2.573899269104004,0.5367482304573059,1.0
1978.5581380097933,4.4175,1000.0,0.0,104,2080000,0.0092079,9.89137474624974,0.13829612841675426,3.813505244920634e-08,14.810342073440552,6.295801877975464,21.10614562034607,-2.6082991766429586e-08,7.092952891696314e-09,0.29246529936790466,0.15131886303424835,0.23381978273391724,1.9312565326690674,0.5173908472061157,1.0
2118.574787703226,14.635,1000.0,0.0,105,2100000,0.009107962,10.544623106756028,0.3389117522414323,-3.82900253725893e-08,14.720628261566162,6.29195237159729,21.012582302093506,3.738403364650367e-08,6.628036341993493e-09,0.29693955183029175,0.15544012188911438,0.22682654857635498,1.7509052753448486,0.5234739184379578,1.0
2255.6909456232875,38.900000000000006,992.7452380952385,0.0,106,2120000,0.009744916,21.6762986022196,0.9255430726868332,1.8668174561753403e-08,14.776509284973145,6.36812686920166,21.144636869430542,-2.000331811302658e-08,5.245208711812666e-10,0.28113842010498047,0.1340477466583252,0.25304025411605835,0.9843156337738037,0.6849141120910645,1.0
2261.461750079213,31.227500000000003,993.7674999999999,0.0,107,2140000,0.009457051,11.699384494040423,0.26623780883991033,2.2864341531203536e-08,14.772037506103516,6.2821900844573975,21.054229259490967,-6.771087690538025e-09,7.3909758313561724e-09,0.2845783233642578,0.14580675959587097,0.2469598352909088,1.9533874988555908,0.5472208261489868,1.0
2176.87217378335,7.842500000000001,1000.0,0.0,108,2160000,0.0091640735,10.037697316734654,0.04717122113130465,-1.2159347306806012e-08,14.804729700088501,6.279062271118164,21.08379292488098,1.5830993405074878e-08,-9.882450413556398e-09,0.28629615902900696,0.1422775685787201,0.24400511384010315,2.09635066986084,0.49695947766304016,1.0
2193.8876127961166,5.9075,998.0199999999999,0.0,109,2180000,0.008516821,23.64178036094471,0.11209598862014379,1.6212462483622403e-09,14.897249937057495,6.319538593292236,21.21678924560547,2.00271599304358e-09,7.2479249269008506e-09,0.3354185223579407,0.18678323924541473,0.17776894569396973,1.278072476387024,0.5568661689758301,1.0
2291.1394433127784,12.587499999999999,997.03,0.0,110,2200000,0.009051299,11.07900853521505,0.254465729676804,-6.151199105630667e-09,14.814839601516724,6.308944225311279,21.123785734176636,3.6239624634504253e-09,3.0755997748599384e-09,0.30223414301872253,0.15454335510730743,0.21894899010658264,1.9106647968292236,0.5113365054130554,1.0
2380.527255162006,27.165,992.0500000000002,0.0,111,2220000,0.009701247,27.087647947688012,0.620312569086339,3.4761427514240495e-08,14.844435453414917,6.255458116531372,21.099894285202026,-3.519058111578488e-08,-1.7356873271978657e-08,0.3181888163089752,0.11759822070598602,0.19754229485988617,1.097619652748108,0.6426451802253723,1.0
2368.805555557052,26.9925,976.15,0.0,112,2240000,0.00943551,12.05593057255836,0.2015502776879414,2.241134566816072e-08,14.846495389938354,6.245878219604492,21.092374324798584,-1.2493133638713516e-08,5.388260060357197e-09,0.31943538784980774,0.14187107980251312,0.19600354135036469,2.12050724029541,0.4986593723297119,1.0
2335.7471814844907,7.260000000000001,1000.0,0.0,113,2260000,0.009496552,9.656951039004477,0.05541829717980259,-1.28269190824426e-08,14.7675940990448,6.3563501834869385,21.123945951461792,4.1246415172224715e-09,-1.7261506002341775e-08,0.2676158845424652,0.12928088009357452,0.2792583703994751,2.670480489730835,0.4830837547779083,1.0
2347.6344781407943,4.815,1000.0,0.0,114,2280000,0.009048497,9.034357170238616,0.12640316433919843,-6.623267978511649e-08,14.770024061203003,6.3342695236206055,21.104294776916504,5.3977966985030434e-08,-2.2172927938157727e-09,0.3008131980895996,0.1422262042760849,0.221022367477417,2.538771390914917,0.4728056490421295,1.0
2457.462435831776,14.794999999999998,1000.0,0.0,115,2300000,0.009098405,9.426752823021761,0.34800594271558105,9.112358156926348e-08,14.756341934204102,6.078985691070557,20.835328340530396,-7.872581164747317e-08,4.00543198608716e-09,0.3417147397994995,0.16014359891414642,0.17127835750579834,1.6045241355895996,0.4686471223831177,1.0
2543.591069721646,35.515,1000.0,0.0,116,2320000,0.009842414,9.501049213044963,0.8373851555358073,6.406307306860981e-08,14.82053256034851,6.152019739151001,20.97255301475525,-7.464885953822886e-08,-1.1754035966760057e-08,0.3126591145992279,0.11281569302082062,0.20459160208702087,2.140763998031616,0.4889216423034668,1.0
2556.3672632004577,32.99999999999999,1000.0,0.0,117,2340000,0.009835511,8.35057470115127,0.24123612265488145,3.204345588869728e-08,14.921452760696411,6.267521858215332,21.18897557258606,-2.5939941750152684e-08,3.910064716450279e-09,0.30210092663764954,0.11931303888559341,0.21914207935333252,2.2608203887939453,0.48869001865386963,1.0
2474.8057923996143,8.760000000000002,1000.0,0.0,118,2360000,0.009065095,6.957336623197908,0.06829510580416129,-2.6226043559063328e-09,14.747313976287842,6.3603150844573975,21.107630252838135,-8.964538444899972e-09,-1.1396408261532542e-08,0.3021664321422577,0.14586488902568817,0.21904709935188293,2.247734308242798,0.48273029923439026,1.0
2477.196473194044,5.927499999999999,1000.0,0.0,119,2380000,0.009286737,6.392312791393062,0.11750606289667309,6.198882740449108e-09,14.900167226791382,6.20527458190918,21.1054425239563,-4.4345855876315454e-09,2.861023085110048e-10,0.2837606370449066,0.13027510046958923,0.24838519096374512,2.673628330230713,0.45910221338272095,1.0
2566.121412783911,19.342499999999998,1000.0,0.0,120,2400000,0.009269636,6.067827445534384,0.3682761789032608,5.865096852630813e-09,14.801249980926514,6.2918171882629395,21.09306812286377,2.398490828170452e-08,2.9182434246877165e-08,0.28843605518341064,0.13496831059455872,0.24039798974990845,3.0069994926452637,0.4679315388202667,1.0
2652.527613512757,53.40999999999999,1000.0,0.0,121,2420000,0.009641464,7.024486686773361,1.147786041695601,-1.1935233601434447e-07,14.884426355361938,6.157531261444092,21.041958570480347,1.7976761412796805e-08,-1.0528564331480084e-07,0.28947192430496216,0.10045129805803299,0.23868054151535034,2.244485855102539,0.5443285703659058,1.0
2666.7515573795695,56.0775,1000.0,0.0,122,2440000,0.00972872,7.163062128443626,0.4253818872817762,-7.452964467802303e-08,14.867464065551758,6.57878041267395,21.44624638557434,7.362366005736476e-08,5.9604643443123e-10,0.27383020520210266,0.1112503707408905,0.26672714948654175,2.5519654750823975,0.5741080045700073,1.0
2593.866187806414,19.352500000000003,1000.0,0.0,123,2460000,0.009234941,6.516469274508725,0.15893433476993993,5.4836273299940785e-09,14.878896474838257,6.375396728515625,21.25429391860962,-4.8398973717667104e-09,2.1934509764065524e-09,0.3006724715232849,0.13672664761543274,0.22122927010059357,2.8721704483032227,0.4547361731529236,1.0
2593.149595885092,15.975,1000.0,0.0,124,2480000,0.009173776,5.810571938867022,0.35602070788858803,3.123283320860537e-08,14.904972314834595,6.2422778606414795,21.14725136756897,-5.760193033665928e-08,-4.863739189175931e-09,0.25633132457733154,0.14145520329475403,0.30438733100891113,2.328618049621582,0.5518451929092407,1.0
2665.625881705086,40.515,1000.0,0.0,125,2500000,0.009742186,6.1497404403747264,0.8400013874670502,3.261565950651857e-08,14.817237854003906,6.368589162826538,21.18582844734192,-4.1055677968415694e-08,-1.19209286886246e-09,0.2816712260246277,0.10327697545289993,0.25208383798599243,2.6032207012176514,0.5101915597915649,1.0
2675.2395829947736,37.14,1000.0,0.0,126,2520000,0.009672313,4.952199477754581,0.2826596685465734,-4.66346747884927e-08,14.840744256973267,6.30312967300415,21.143876552581787,7.095336940210473e-08,-3.3378602104505717e-09,0.25877833366394043,0.1256408542394638,0.29865801334381104,3.4303817749023438,0.4898521304130554,1.0
2602.872813632674,11.785,1000.0,0.0,127,2540000,0.008982745,5.142762636986507,0.10492056926154787,5.030631911040473e-09,14.93302059173584,6.330235719680786,21.263257026672363,2.479553229406406e-09,-2.6941300301785986e-09,0.256651371717453,0.14103646576404572,0.3036286532878876,3.224261999130249,0.5495254993438721,1.0
2588.3278267587216,10.3025,1000.0,0.0,128,2560000,0.0092344135,5.279732690191572,0.24027973485600418,-1.7166136956348055e-08,14.751283645629883,6.323616027832031,21.07490062713623,1.8882751362525596e-08,-3.19480886190604e-09,0.25872403383255005,0.13251474499702454,0.29878342151641846,3.35994553565979,0.5121855735778809,1.0
